scenario,scenario_type,scenario_geography,technology,mean,median,min,max,percentile_2.5,percentile_5,percentile_95,percentile_97.5
AR6_REMIND-MAgPIE 2.1-4.3_DeepElec_SSP2_Base,baseline,USA,SolarCap - PV,1.4966019360937384,1.5112324996639668,1.356062047418806,1.6758767526327065,1.3575217065232639,1.3589201899897896,1.6491087887507174,1.6624345413193804
AR6_REMIND-MAgPIE 2.1-4.3_DeepElec_SSP2_ HighRE_Budg900,target,USA,SolarCap - PV,1.8560332300959013,1.8621578544171022,1.0989839267478811,2.7534948013029257,1.1081110620659165,1.1196211380991632,2.6678346145645384,2.7102777374045424
AR6_REMIND-MAgPIE 2.1-4.3_DeepElec_SSP2_Base,baseline,RUS,SolarCap - PV,1.7001895103819133,1.6287194337248574,1.426144518524389,2.1249005159794305,1.4399269844775262,1.451221274308811,2.073566757787335,2.099071605462684
AR6_REMIND-MAgPIE 2.1-4.3_DeepElec_SSP2_ HighRE_Budg900,target,RUS,SolarCap - PV,1.6395867104173867,1.4560368922020086,1.1960594753941762,2.429997692437885,1.2066622847078388,1.2166896834764795,2.328997053359015,2.3788659987815386
AR6_REMIND-MAgPIE 2.1-4.3_DeepElec_SSP2_Base,baseline,R10ROWO,SolarCap - PV,1.9440614670085852,1.9108111694926642,1.853646984719288,2.269025468047539,1.8579247991254408,1.8622539201285466,2.1756191243710346,2.221764822119442
AR6_REMIND-MAgPIE 2.1-4.3_DeepElec_SSP2_ HighRE_Budg900,target,R10ROWO,SolarCap - PV,2.038068819713314,2.0021482596818623,1.6827945119108911,2.479404708893695,1.6950587631761873,1.7069488553806726,2.431722505055625,2.455432044032708
AR6_REMIND-MAgPIE 2.1-4.3_DeepElec_SSP2_Base,baseline,R10REST_ASIA,SolarCap - PV,1.4136950620449538,1.3931831852513175,1.344946295837793,1.6024228580041862,1.3500092362640244,1.3551724069791375,1.553256958144021,1.577581853626419
AR6_REMIND-MAgPIE 2.1-4.3_DeepElec_SSP2_ HighRE_Budg900,target,R10REST_ASIA,SolarCap - PV,1.5343182834549083,1.4527813040360038,1.166272582087696,1.901844612934762,1.167428539452456,1.1738513324788096,1.891183055869995,1.8965053626304973
AR6_REMIND-MAgPIE 2.1-4.3_DeepElec_SSP2_Base,baseline,R10REF_ECON,SolarCap - PV,1.7001895103819133,1.6287194337248574,1.426144518524389,2.1249005159794305,1.4399269844775262,1.451221274308811,2.073566757787335,2.099071605462684
AR6_REMIND-MAgPIE 2.1-4.3_DeepElec_SSP2_ HighRE_Budg900,target,R10REF_ECON,SolarCap - PV,1.6079518011514577,1.4221742250967648,1.1729307153862112,2.429997692437885,1.1775028523932691,1.182181306156696,2.328997053359015,2.3788659987815386
AR6_REMIND-MAgPIE 2.1-4.3_DeepElec_SSP2_Base,baseline,R10PAC_OECD,SolarCap - PV,1.8878265426876941,1.869405795243032,1.8269368251548328,2.1106505090513545,1.8325216262383919,1.8376849492845424,1.9699366043086624,2.0254607443464607
AR6_REMIND-MAgPIE 2.1-4.3_DeepElec_SSP2_ HighRE_Budg900,target,R10PAC_OECD,SolarCap - PV,1.5721944369250869,1.5798379819603432,1.388877297882818,1.7176406569040108,1.4018647314332227,1.4164919632986792,1.7128968998036596,1.715777223320656
AR6_REMIND-MAgPIE 2.1-4.3_DeepElec_SSP2_Base,baseline,R10NORTH_AM,SolarCap - PV,1.4966019360937384,1.5112324996639668,1.356062047418806,1.6758767526327065,1.3575217065232639,1.3589201899897896,1.6491087887507174,1.6624345413193804
AR6_REMIND-MAgPIE 2.1-4.3_DeepElec_SSP2_ HighRE_Budg900,target,R10NORTH_AM,SolarCap - PV,1.8560332300959013,1.8621578544171022,1.0989839267478811,2.7534948013029257,1.1081110620659165,1.1196211380991632,2.6678346145645384,2.7102777374045424
AR6_REMIND-MAgPIE 2.1-4.3_DeepElec_SSP2_Base,baseline,R10MIDDLE_EAST,SolarCap - PV,1.5692695600652966,1.5957539929598703,1.4081436496311113,1.6485807162610664,1.4178614522378046,1.4276458630661955,1.64812529385852,1.6483507076296189
AR6_REMIND-MAgPIE 2.1-4.3_DeepElec_SSP2_ HighRE_Budg900,target,R10MIDDLE_EAST,SolarCap - PV,1.4877572701127464,1.5161757583735307,0.8921533750875337,2.0165446382282908,0.9075301094662065,0.9228743830852986,2.004535620832126,2.010522438364924
AR6_REMIND-MAgPIE 2.1-4.3_DeepElec_SSP2_Base,baseline,R10LATIN_AM,SolarCap - PV,1.3250906014684114,1.3356860546241014,1.26832899119961,1.3678852056374604,1.2696182129881066,1.2708641215347438,1.366768186151061,1.3673610579291409
AR6_REMIND-MAgPIE 2.1-4.3_DeepElec_SSP2_ HighRE_Budg900,target,R10LATIN_AM,SolarCap - PV,1.5202027904953985,1.4338198392270227,1.2792355534233792,1.834561390671427,1.2951787910202395,1.310889150291206,1.809891929485151,1.822180191474621
AR6_REMIND-MAgPIE 2.1-4.3_DeepElec_SSP2_Base,baseline,R10INDIA+,SolarCap - PV,1.6340594469022471,1.588918051344566,1.5285883542770435,1.9256248627716743,1.5367605412413636,1.5420375061422988,1.8586187533780683,1.8915951135782791
AR6_REMIND-MAgPIE 2.1-4.3_DeepElec_SSP2_ HighRE_Budg900,target,R10INDIA+,SolarCap - PV,1.9494020655403217,1.9043547396450844,1.3190266279514626,2.4764445438328933,1.3522111238544103,1.3772366250906598,2.475995405405733,2.476213635352365
AR6_REMIND-MAgPIE 2.1-4.3_DeepElec_SSP2_Base,baseline,R10EUROPE,SolarCap - PV,1.3727750442538709,1.353655135950743,1.295583171705645,1.4785711298732267,1.2971471435087067,1.2987206866968517,1.4723876173542818,1.47547626524091
AR6_REMIND-MAgPIE 2.1-4.3_DeepElec_SSP2_ HighRE_Budg900,target,R10EUROPE,SolarCap - PV,1.6804356525678161,1.797416613838056,1.0705208059003832,2.1712642077928477,1.0922308591610879,1.1135087069183518,2.141616271564402,2.1563851819269013
AR6_REMIND-MAgPIE 2.1-4.3_DeepElec_SSP2_Base,baseline,R10CHINA+,SolarCap - PV,1.742594299410783,1.7165480718993305,1.597676853629734,2.058912167406616,1.6050154306167301,1.6123494321793195,1.9826270412451492,2.020289819796657
AR6_REMIND-MAgPIE 2.1-4.3_DeepElec_SSP2_ HighRE_Budg900,target,R10CHINA+,SolarCap - PV,1.2840458883625487,1.2070988485391272,1.1561192583165827,1.704477054932793,1.158425812395334,1.1607083716713533,1.6480632857856912,1.678779412215353
AR6_REMIND-MAgPIE 2.1-4.3_DeepElec_SSP2_Base,baseline,R10AFRICA,SolarCap - PV,1.3959156796471983,1.4157122634518147,1.286021396231373,1.4935688709829815,1.288437707569146,1.2912418680007052,1.4876820244969589,1.4908810168664344
AR6_REMIND-MAgPIE 2.1-4.3_DeepElec_SSP2_ HighRE_Budg900,target,R10AFRICA,SolarCap - PV,1.6261479502183998,1.5667736720722143,1.3765050504581247,1.9017727861676212,1.3781572644547606,1.3869685745367963,1.8756107742952126,1.8886452367744382
AR6_REMIND-MAgPIE 2.1-4.3_DeepElec_SSP2_Base,baseline,JPN,SolarCap - PV,1.8878265426876941,1.869405795243032,1.8269368251548328,2.1106505090513545,1.8325216262383919,1.8376849492845424,1.9699366043086624,2.0254607443464607
AR6_REMIND-MAgPIE 2.1-4.3_DeepElec_SSP2_ HighRE_Budg900,target,JPN,SolarCap - PV,1.5721944369250869,1.5798379819603432,1.388877297882818,1.7176406569040108,1.4018647314332227,1.4164919632986792,1.7128968998036596,1.715777223320656
AR6_REMIND-MAgPIE 2.1-4.3_DeepElec_SSP2_Base,baseline,IND,SolarCap - PV,1.6340594469022471,1.588918051344566,1.5285883542770435,1.9256248627716743,1.5367605412413636,1.5420375061422988,1.8586187533780683,1.8915951135782791
AR6_REMIND-MAgPIE 2.1-4.3_DeepElec_SSP2_ HighRE_Budg900,target,IND,SolarCap - PV,1.9494020655403217,1.9043547396450844,1.3190266279514626,2.4764445438328933,1.3522111238544103,1.3772366250906598,2.475995405405733,2.476213635352365
AR6_REMIND-MAgPIE 2.1-4.3_DeepElec_SSP2_Base,baseline,Global,SolarCap - PV,1.4995515093296623,1.477305486637304,1.4311580013508525,1.7127089921982315,1.4366504904831279,1.4403822629508554,1.6536649236835903,1.6828870051854543
AR6_REMIND-MAgPIE 2.1-4.3_DeepElec_SSP2_ HighRE_Budg900,target,Global,SolarCap - PV,1.4513500562613593,1.4552887782175203,1.169082451705711,1.73740561020668,1.179836584865315,1.1905878045561407,1.7169638220215502,1.7271527338097983
AR6_REMIND-MAgPIE 2.1-4.3_DeepElec_SSP2_Base,baseline,EU,SolarCap - PV,1.3727750442538709,1.353655135950743,1.295583171705645,1.4785711298732267,1.2971471435087067,1.2987206866968517,1.4723876173542818,1.47547626524091
AR6_REMIND-MAgPIE 2.1-4.3_DeepElec_SSP2_ HighRE_Budg900,target,EU,SolarCap - PV,1.6804356525678161,1.797416613838056,1.0705208059003832,2.1712642077928477,1.0922308591610879,1.1135087069183518,2.141616271564402,2.1563851819269013
AR6_REMIND-MAgPIE 2.1-4.3_DeepElec_SSP2_Base,baseline,CHN,SolarCap - PV,1.742594299410783,1.7165480718993305,1.597676853629734,2.058912167406616,1.6050154306167301,1.6123494321793195,1.9826270412451492,2.020289819796657
AR6_REMIND-MAgPIE 2.1-4.3_DeepElec_SSP2_ HighRE_Budg900,target,CHN,SolarCap - PV,1.2840458883625487,1.2070988485391272,1.1561192583165827,1.704477054932793,1.158425812395334,1.1607083716713533,1.6480632857856912,1.678779412215353
AR6_REMIND-MAgPIE 2.1-4.3_DeepElec_SSP2_Base,baseline,USA,SolarCap - CSP,0.8605573510693506,0.8750416891126328,0.7940642763593629,0.9287259100322018,0.7972810983963037,0.7996038227457829,0.9207807854992638,0.9253413604393552
AR6_REMIND-MAgPIE 2.1-4.3_DeepElec_SSP2_ HighRE_Budg900,target,USA,SolarCap - CSP,0.9562528928147933,0.9519092218204055,0.5815312194666233,1.366561167245364,0.5896773162884213,0.5991419471419315,1.328234935491678,1.3472268011010946
AR6_REMIND-MAgPIE 2.1-4.3_DeepElec_SSP2_Base,baseline,RUS,SolarCap - CSP,1.2449986783499036,1.2304559219080127,1.1008796412249031,1.4629690910560145,1.1026744363837797,1.1044736579237278,1.436314097399077,1.4495634595086269
AR6_REMIND-MAgPIE 2.1-4.3_DeepElec_SSP2_ HighRE_Budg900,target,RUS,SolarCap - CSP,0.9380585996498776,0.9105188495587513,0.6901780525630447,1.3147482065329317,0.6933637210411561,0.699699206723122,1.263396486555326,1.28875249946772
AR6_REMIND-MAgPIE 2.1-4.3_DeepElec_SSP2_Base,baseline,R10ROWO,SolarCap - CSP,1.111845380266483,1.109881933115434,1.0374927343336549,1.1633240176652204,1.0519768877258482,1.0651685022447555,1.1573148558078175,1.1602975806133258
AR6_REMIND-MAgPIE 2.1-4.3_DeepElec_SSP2_ HighRE_Budg900,target,R10ROWO,SolarCap - CSP,1.0304005561599348,1.0149336266833657,0.8449632922384075,1.279516759584431,0.8486752777727633,0.8581297849788995,1.2444443792237048,1.2618628715777696
AR6_REMIND-MAgPIE 2.1-4.3_DeepElec_SSP2_Base,baseline,R10REST_ASIA,SolarCap - CSP,0.8251282588048279,0.8155923793912714,0.7590565307340688,0.943537712679084,0.7660484017614475,0.7714980874104854,0.9181690114578476,0.9307223160832444
AR6_REMIND-MAgPIE 2.1-4.3_DeepElec_SSP2_ HighRE_Budg900,target,R10REST_ASIA,SolarCap - CSP,0.775198651259417,0.7859982163161296,0.5991533475061245,0.9046355784345855,0.6029379057516093,0.609460990620792,0.902069948234094,0.9033512217267683
AR6_REMIND-MAgPIE 2.1-4.3_DeepElec_SSP2_Base,baseline,R10REF_ECON,SolarCap - CSP,1.2449986783499036,1.2304559219080127,1.1008796412249031,1.4629690910560145,1.1026744363837797,1.1044736579237278,1.436314097399077,1.4495634595086269
AR6_REMIND-MAgPIE 2.1-4.3_DeepElec_SSP2_ HighRE_Budg900,target,R10REF_ECON,SolarCap - CSP,0.9180623406031584,0.8472382024294287,0.6768317576095814,1.3147482065329317,0.6873780581189938,0.6940981593504866,1.263396486555326,1.28875249946772
AR6_REMIND-MAgPIE 2.1-4.3_DeepElec_SSP2_Base,baseline,R10PAC_OECD,SolarCap - CSP,1.0,1.0,1.0,1.0,1.0,1.0,1.0,1.0
AR6_REMIND-MAgPIE 2.1-4.3_DeepElec_SSP2_ HighRE_Budg900,target,R10PAC_OECD,SolarCap - CSP,1.0,1.0,1.0,1.0,1.0,1.0,1.0,1.0
AR6_REMIND-MAgPIE 2.1-4.3_DeepElec_SSP2_Base,baseline,R10NORTH_AM,SolarCap - CSP,0.8605573510693506,0.8750416891126328,0.7940642763593629,0.9287259100322018,0.7972810983963037,0.7996038227457829,0.9207807854992638,0.9253413604393552
AR6_REMIND-MAgPIE 2.1-4.3_DeepElec_SSP2_ HighRE_Budg900,target,R10NORTH_AM,SolarCap - CSP,0.9562528928147933,0.9519092218204055,0.5815312194666233,1.366561167245364,0.5896773162884213,0.5991419471419315,1.328234935491678,1.3472268011010946
AR6_REMIND-MAgPIE 2.1-4.3_DeepElec_SSP2_Base,baseline,R10MIDDLE_EAST,SolarCap - CSP,0.9017838185554977,0.9024149911406101,0.8665840023415273,0.9356280575334666,0.8686446155320131,0.8707116866553577,0.9307859276562779,0.9335227737701127
AR6_REMIND-MAgPIE 2.1-4.3_DeepElec_SSP2_ HighRE_Budg900,target,R10MIDDLE_EAST,SolarCap - CSP,0.6663553751442077,0.6556698841754973,0.4698680222598521,0.8794432282184141,0.4743692331901981,0.47953636449145515,0.8700964779043173,0.8747566945944147
AR6_REMIND-MAgPIE 2.1-4.3_DeepElec_SSP2_Base,baseline,R10LATIN_AM,SolarCap - CSP,0.7163447965198101,0.7160812507058354,0.6991696222701721,0.7409652962467453,0.7006385487430288,0.7021209264716108,0.7346026220509989,0.7378004622164268
AR6_REMIND-MAgPIE 2.1-4.3_DeepElec_SSP2_ HighRE_Budg900,target,R10LATIN_AM,SolarCap - CSP,0.7344396450083147,0.7322060690663572,0.6482067118105796,0.8328501506767637,0.648899888483121,0.6522770137859493,0.8233479376161191,0.8280815713509888
AR6_REMIND-MAgPIE 2.1-4.3_DeepElec_SSP2_Base,baseline,R10INDIA+,SolarCap - CSP,1.0302049295639788,1.0228367377766254,0.8942689667468348,1.3036884794330665,0.8977114300656865,0.9011807627006188,1.240832443783984,1.2717422260955715
AR6_REMIND-MAgPIE 2.1-4.3_DeepElec_SSP2_ HighRE_Budg900,target,R10INDIA+,SolarCap - CSP,1.021397445946222,1.0386002593108996,0.7133005430513708,1.2545323700665307,0.7240690425719353,0.7390805337790738,1.2513063728015643,1.252912706458467
AR6_REMIND-MAgPIE 2.1-4.3_DeepElec_SSP2_Base,baseline,R10EUROPE,SolarCap - CSP,0.8710516522197401,0.8648125865586709,0.8351901657524055,0.9208382681647674,0.8360143773558951,0.8367433474200263,0.9147544372533118,0.9177912607957255
AR6_REMIND-MAgPIE 2.1-4.3_DeepElec_SSP2_ HighRE_Budg900,target,R10EUROPE,SolarCap - CSP,0.9013431797121784,0.9553292735716883,0.5995815419570514,1.1329038778805225,0.6150351917964061,0.6263326718262288,1.1189579336153779,1.1259057888031743
AR6_REMIND-MAgPIE 2.1-4.3_DeepElec_SSP2_Base,baseline,R10CHINA+,SolarCap - CSP,1.1899769628976529,1.1844459643541652,1.0667061523884804,1.3457426403442987,1.0722052436796183,1.0777042331621969,1.3227277414880265,1.3340893584078821
AR6_REMIND-MAgPIE 2.1-4.3_DeepElec_SSP2_ HighRE_Budg900,target,R10CHINA+,SolarCap - CSP,0.8051597414435876,0.7553230061945462,0.7235245470978446,1.0667125161386988,0.7242741169955234,0.7250141066166067,1.0371549033825929,1.0535449212509584
AR6_REMIND-MAgPIE 2.1-4.3_DeepElec_SSP2_Base,baseline,R10AFRICA,SolarCap - CSP,0.7563063404491509,0.7544052108499096,0.704801122124109,0.8636992575837262,0.7083520311168832,0.7110343904032782,0.832294474130414,0.8477086060661325
AR6_REMIND-MAgPIE 2.1-4.3_DeepElec_SSP2_ HighRE_Budg900,target,R10AFRICA,SolarCap - CSP,0.7789720364512955,0.7919111789234374,0.6626299945225093,0.8643692788789982,0.6685865430415023,0.6768118482465793,0.852732521170563,0.8584901044432014
AR6_REMIND-MAgPIE 2.1-4.3_DeepElec_SSP2_Base,baseline,JPN,SolarCap - CSP,1.0,1.0,1.0,1.0,1.0,1.0,1.0,1.0
AR6_REMIND-MAgPIE 2.1-4.3_DeepElec_SSP2_ HighRE_Budg900,target,JPN,SolarCap - CSP,1.0,1.0,1.0,1.0,1.0,1.0,1.0,1.0
AR6_REMIND-MAgPIE 2.1-4.3_DeepElec_SSP2_Base,baseline,IND,SolarCap - CSP,1.0302049295639788,1.0228367377766254,0.8942689667468348,1.3036884794330665,0.8977114300656865,0.9011807627006188,1.240832443783984,1.2717422260955715
AR6_REMIND-MAgPIE 2.1-4.3_DeepElec_SSP2_ HighRE_Budg900,target,IND,SolarCap - CSP,1.021397445946222,1.0386002593108996,0.7133005430513708,1.2545323700665307,0.7240690425719353,0.7390805337790738,1.2513063728015643,1.252912706458467
AR6_REMIND-MAgPIE 2.1-4.3_DeepElec_SSP2_Base,baseline,Global,SolarCap - CSP,0.9269606415077927,0.918019806717437,0.8677841665627501,1.0423084299484755,0.8698449906375836,0.8723608473393583,1.0187658064906047,1.0304335045741346
AR6_REMIND-MAgPIE 2.1-4.3_DeepElec_SSP2_ HighRE_Budg900,target,Global,SolarCap - CSP,0.7831639272171601,0.802796497699025,0.6334810422963597,0.9020109668677008,0.6412448415297586,0.6466645410945738,0.89845914690183,0.9007288938263779
AR6_REMIND-MAgPIE 2.1-4.3_DeepElec_SSP2_Base,baseline,EU,SolarCap - CSP,0.8710516522197401,0.8648125865586709,0.8351901657524055,0.9208382681647674,0.8360143773558951,0.8367433474200263,0.9147544372533118,0.9177912607957255
AR6_REMIND-MAgPIE 2.1-4.3_DeepElec_SSP2_ HighRE_Budg900,target,EU,SolarCap - CSP,0.9013431797121784,0.9553292735716883,0.5995815419570514,1.1329038778805225,0.6150351917964061,0.6263326718262288,1.1189579336153779,1.1259057888031743
AR6_REMIND-MAgPIE 2.1-4.3_DeepElec_SSP2_Base,baseline,CHN,SolarCap - CSP,1.1899769628976529,1.1844459643541652,1.0667061523884804,1.3457426403442987,1.0722052436796183,1.0777042331621969,1.3227277414880265,1.3340893584078821
AR6_REMIND-MAgPIE 2.1-4.3_DeepElec_SSP2_ HighRE_Budg900,target,CHN,SolarCap - CSP,0.8051597414435876,0.7553230061945462,0.7235245470978446,1.0667125161386988,0.7242741169955234,0.7250141066166067,1.0371549033825929,1.0535449212509584
AR6_REMIND-MAgPIE 2.1-4.3_DeepElec_SSP2_Base,baseline,USA,OilCap - w/o CCS,1.7713249758769563,1.0,1.0,5.050967392333917,1.0,1.0,3.3359729283455875,4.060171788993309
AR6_REMIND-MAgPIE 2.1-4.3_DeepElec_SSP2_ HighRE_Budg900,target,USA,OilCap - w/o CCS,1.4747807011245015,1.0,1.0,4.546580130620164,1.0,1.0,2.47461808272359,3.3222166633210657
AR6_REMIND-MAgPIE 2.1-4.3_DeepElec_SSP2_Base,baseline,RUS,OilCap - w/o CCS,2.3068690643010403,2.713489018147815,1.0,6.311906587370221,1.0,1.0,4.2097271000579735,5.10636013992061
AR6_REMIND-MAgPIE 2.1-4.3_DeepElec_SSP2_ HighRE_Budg900,target,RUS,OilCap - w/o CCS,1.5314565735985544,1.4433639102455291,1.0,4.000431114529668,1.0,1.0,2.336761218270853,3.0233222601608447
AR6_REMIND-MAgPIE 2.1-4.3_DeepElec_SSP2_Base,baseline,R10ROWO,OilCap - w/o CCS,2.206929831336449,1.0,1.0,6.776259190804006,1.0,1.0,4.616112540031493,5.527987132742758
AR6_REMIND-MAgPIE 2.1-4.3_DeepElec_SSP2_ HighRE_Budg900,target,R10ROWO,OilCap - w/o CCS,1.8125227616042658,1.0,1.0,5.070881350607148,1.0,1.0,3.257084038893089,3.9908562921274653
AR6_REMIND-MAgPIE 2.1-4.3_DeepElec_SSP2_Base,baseline,R10REST_ASIA,OilCap - w/o CCS,1.870137563699683,1.0,1.0,5.430747481036487,1.0,1.0,3.629680474617893,4.3892828610708685
AR6_REMIND-MAgPIE 2.1-4.3_DeepElec_SSP2_ HighRE_Budg900,target,R10REST_ASIA,OilCap - w/o CCS,1.4889982372654527,1.0,1.0,3.6205996513921073,1.0,1.0,2.3815674501816,2.8665254479010347
AR6_REMIND-MAgPIE 2.1-4.3_DeepElec_SSP2_Base,baseline,R10REF_ECON,OilCap - w/o CCS,2.5398500280890346,3.081224608672941,1.0,6.774417342218846,1.0,1.0,4.661131037322425,5.563767552900298
AR6_REMIND-MAgPIE 2.1-4.3_DeepElec_SSP2_ HighRE_Budg900,target,R10REF_ECON,OilCap - w/o CCS,1.6938856790843988,1.6981130941202163,1.0,4.649752873635264,1.0,1.0,2.7126121731316593,3.5384194663276154
AR6_REMIND-MAgPIE 2.1-4.3_DeepElec_SSP2_Base,baseline,R10PAC_OECD,OilCap - w/o CCS,2.689458201105774,2.619327120576436,2.3486206811354386,3.090424238176599,2.3819482130616505,2.410448714174021,3.0423816770499497,3.066312912628289
AR6_REMIND-MAgPIE 2.1-4.3_DeepElec_SSP2_ HighRE_Budg900,target,R10PAC_OECD,OilCap - w/o CCS,1.5939977583910774,1.603678714906458,1.3922015040876254,1.7877965780654095,1.398639265395325,1.4079611977606237,1.7428294509675997,1.7609961461861083
AR6_REMIND-MAgPIE 2.1-4.3_DeepElec_SSP2_Base,baseline,R10NORTH_AM,OilCap - w/o CCS,1.7713249758769563,1.0,1.0,5.050967392333917,1.0,1.0,3.3359729283455875,4.060171788993309
AR6_REMIND-MAgPIE 2.1-4.3_DeepElec_SSP2_ HighRE_Budg900,target,R10NORTH_AM,OilCap - w/o CCS,1.4747807011245015,1.0,1.0,4.546580130620164,1.0,1.0,2.47461808272359,3.3222166633210657
AR6_REMIND-MAgPIE 2.1-4.3_DeepElec_SSP2_Base,baseline,R10MIDDLE_EAST,OilCap - w/o CCS,2.2850532864613404,1.0,1.0,7.399726238794577,1.0,1.0,5.013619212610657,6.024762627983515
AR6_REMIND-MAgPIE 2.1-4.3_DeepElec_SSP2_ HighRE_Budg900,target,R10MIDDLE_EAST,OilCap - w/o CCS,1.478769903234641,1.0,1.0,4.350805656964988,1.0,1.0,2.5885472586504905,3.3364402578642736
AR6_REMIND-MAgPIE 2.1-4.3_DeepElec_SSP2_Base,baseline,R10LATIN_AM,OilCap - w/o CCS,1.9470227953846238,1.0,1.0,5.834601167176971,1.0,1.0,3.9392107192576784,4.741438946664984
AR6_REMIND-MAgPIE 2.1-4.3_DeepElec_SSP2_ HighRE_Budg900,target,R10LATIN_AM,OilCap - w/o CCS,1.756177432709747,1.0,1.0,4.963767204273151,1.0,1.0,3.259713453479011,3.9730246910174505
AR6_REMIND-MAgPIE 2.1-4.3_DeepElec_SSP2_Base,baseline,R10INDIA+,OilCap - w/o CCS,1.9487722942549073,1.0,1.0,5.381773582336795,1.0,1.0,3.7520130302672428,4.437103118295932
AR6_REMIND-MAgPIE 2.1-4.3_DeepElec_SSP2_ HighRE_Budg900,target,R10INDIA+,OilCap - w/o CCS,1.5394769687755099,1.0,1.0,4.198442643931379,1.0,1.0,2.5951551412721727,3.2291359228444847
AR6_REMIND-MAgPIE 2.1-4.3_DeepElec_SSP2_Base,baseline,R10EUROPE,OilCap - w/o CCS,2.0606905027731264,2.4786640654398617,1.0,5.105248449573251,1.0,1.0,3.349515133409143,4.09564448499989
AR6_REMIND-MAgPIE 2.1-4.3_DeepElec_SSP2_ HighRE_Budg900,target,R10EUROPE,OilCap - w/o CCS,1.7507554586430736,1.678724520660987,1.0,5.693016180618472,1.0,1.0,3.313301142333775,4.324025176362685
AR6_REMIND-MAgPIE 2.1-4.3_DeepElec_SSP2_Base,baseline,R10CHINA+,OilCap - w/o CCS,2.1254434717845077,1.0,1.0,6.055824541194292,1.0,1.0,4.301706870016185,5.041079181540484
AR6_REMIND-MAgPIE 2.1-4.3_DeepElec_SSP2_ HighRE_Budg900,target,R10CHINA+,OilCap - w/o CCS,1.9505027325360287,1.805365933769721,1.0,3.618965881135126,1.379339702159803,1.6104211177257166,2.523246396810955,2.9401905892994775
AR6_REMIND-MAgPIE 2.1-4.3_DeepElec_SSP2_Base,baseline,R10AFRICA,OilCap - w/o CCS,1.9665898753129416,1.0,1.0,5.582948357595796,1.0,1.0,3.8041431485019515,4.553342901317119
AR6_REMIND-MAgPIE 2.1-4.3_DeepElec_SSP2_ HighRE_Budg900,target,R10AFRICA,OilCap - w/o CCS,1.7959630787439218,1.0,1.0,4.830324024567209,1.0,1.0,3.182787055531181,3.8522802915396954
AR6_REMIND-MAgPIE 2.1-4.3_DeepElec_SSP2_Base,baseline,JPN,OilCap - w/o CCS,2.6894582011057744,2.619327120576436,2.3486206811354386,3.090424238176599,2.3819482130616505,2.410448714174021,3.0423816770499497,3.066312912628289
AR6_REMIND-MAgPIE 2.1-4.3_DeepElec_SSP2_ HighRE_Budg900,target,JPN,OilCap - w/o CCS,1.5939977583910774,1.603678714906458,1.3922015040876254,1.7877965780654095,1.398639265395325,1.4079611977606237,1.7428294509675997,1.7609961461861083
AR6_REMIND-MAgPIE 2.1-4.3_DeepElec_SSP2_Base,baseline,IND,OilCap - w/o CCS,1.9487722942549073,1.0,1.0,5.381773582336795,1.0,1.0,3.7520130302672428,4.437103118295932
AR6_REMIND-MAgPIE 2.1-4.3_DeepElec_SSP2_ HighRE_Budg900,target,IND,OilCap - w/o CCS,1.5394769687755099,1.0,1.0,4.198442643931379,1.0,1.0,2.5951551412721727,3.2291359228444847
AR6_REMIND-MAgPIE 2.1-4.3_DeepElec_SSP2_Base,baseline,Global,OilCap - w/o CCS,3.040997382576426,2.991905221144289,2.8535005204291646,3.4401028190073544,2.868758297247201,2.8783625664212726,3.3697470325062677,3.404876573761613
AR6_REMIND-MAgPIE 2.1-4.3_DeepElec_SSP2_ HighRE_Budg900,target,Global,OilCap - w/o CCS,1.9976026872908024,2.0285794885773822,1.5703336745767509,2.4390245355228557,1.5712365709992944,1.588145609078318,2.377045832222494,2.4079435690011493
AR6_REMIND-MAgPIE 2.1-4.3_DeepElec_SSP2_Base,baseline,EU,OilCap - w/o CCS,2.0606905027731264,2.4786640654398617,1.0,5.105248449573251,1.0,1.0,3.349515133409143,4.09564448499989
AR6_REMIND-MAgPIE 2.1-4.3_DeepElec_SSP2_ HighRE_Budg900,target,EU,OilCap - w/o CCS,1.7507554586430736,1.678724520660987,1.0,5.693016180618472,1.0,1.0,3.313301142333775,4.324025176362685
AR6_REMIND-MAgPIE 2.1-4.3_DeepElec_SSP2_Base,baseline,CHN,OilCap - w/o CCS,2.1254434717845077,1.0,1.0,6.055824541194292,1.0,1.0,4.301706870016185,5.041079181540484
AR6_REMIND-MAgPIE 2.1-4.3_DeepElec_SSP2_ HighRE_Budg900,target,CHN,OilCap - w/o CCS,1.9505027325360287,1.805365933769721,1.0,3.618965881135126,1.379339702159803,1.6104211177257166,2.523246396810955,2.9401905892994775
AR6_REMIND-MAgPIE 2.1-4.3_DeepElec_SSP2_Base,baseline,USA,OilCap,1.7713249758769563,1.0,1.0,5.050967392333917,1.0,1.0,3.3359729283455875,4.060171788993309
AR6_REMIND-MAgPIE 2.1-4.3_DeepElec_SSP2_ HighRE_Budg900,target,USA,OilCap,1.4747807011245015,1.0,1.0,4.546580130620164,1.0,1.0,2.47461808272359,3.3222166633210657
AR6_REMIND-MAgPIE 2.1-4.3_DeepElec_SSP2_Base,baseline,RUS,OilCap,2.3068690643010403,2.713489018147815,1.0,6.311906587370221,1.0,1.0,4.2097271000579735,5.10636013992061
AR6_REMIND-MAgPIE 2.1-4.3_DeepElec_SSP2_ HighRE_Budg900,target,RUS,OilCap,1.5314565735985544,1.4433639102455291,1.0,4.000431114529668,1.0,1.0,2.336761218270853,3.0233222601608447
AR6_REMIND-MAgPIE 2.1-4.3_DeepElec_SSP2_Base,baseline,R10ROWO,OilCap,2.206929831336449,1.0,1.0,6.776259190804006,1.0,1.0,4.616112540031493,5.527987132742758
AR6_REMIND-MAgPIE 2.1-4.3_DeepElec_SSP2_ HighRE_Budg900,target,R10ROWO,OilCap,1.8125227616042658,1.0,1.0,5.070881350607148,1.0,1.0,3.257084038893089,3.9908562921274653
AR6_REMIND-MAgPIE 2.1-4.3_DeepElec_SSP2_Base,baseline,R10REST_ASIA,OilCap,1.870137563699683,1.0,1.0,5.430747481036487,1.0,1.0,3.629680474617893,4.3892828610708685
AR6_REMIND-MAgPIE 2.1-4.3_DeepElec_SSP2_ HighRE_Budg900,target,R10REST_ASIA,OilCap,1.4889982372654527,1.0,1.0,3.6205996513921073,1.0,1.0,2.3815674501816,2.8665254479010347
AR6_REMIND-MAgPIE 2.1-4.3_DeepElec_SSP2_Base,baseline,R10REF_ECON,OilCap,2.5398500280890346,3.081224608672941,1.0,6.774417342218846,1.0,1.0,4.661131037322425,5.563767552900298
AR6_REMIND-MAgPIE 2.1-4.3_DeepElec_SSP2_ HighRE_Budg900,target,R10REF_ECON,OilCap,1.6938856790843988,1.6981130941202163,1.0,4.649752873635264,1.0,1.0,2.7126121731316593,3.5384194663276154
AR6_REMIND-MAgPIE 2.1-4.3_DeepElec_SSP2_Base,baseline,R10PAC_OECD,OilCap,2.689458201105774,2.619327120576436,2.3486206811354386,3.090424238176599,2.3819482130616505,2.410448714174021,3.0423816770499497,3.066312912628289
AR6_REMIND-MAgPIE 2.1-4.3_DeepElec_SSP2_ HighRE_Budg900,target,R10PAC_OECD,OilCap,1.5939977583910774,1.603678714906458,1.3922015040876254,1.7877965780654095,1.398639265395325,1.4079611977606237,1.7428294509675997,1.7609961461861083
AR6_REMIND-MAgPIE 2.1-4.3_DeepElec_SSP2_Base,baseline,R10NORTH_AM,OilCap,1.7713249758769563,1.0,1.0,5.050967392333917,1.0,1.0,3.3359729283455875,4.060171788993309
AR6_REMIND-MAgPIE 2.1-4.3_DeepElec_SSP2_ HighRE_Budg900,target,R10NORTH_AM,OilCap,1.4747807011245015,1.0,1.0,4.546580130620164,1.0,1.0,2.47461808272359,3.3222166633210657
AR6_REMIND-MAgPIE 2.1-4.3_DeepElec_SSP2_Base,baseline,R10MIDDLE_EAST,OilCap,2.2850532864613404,1.0,1.0,7.399726238794577,1.0,1.0,5.013619212610657,6.024762627983515
AR6_REMIND-MAgPIE 2.1-4.3_DeepElec_SSP2_ HighRE_Budg900,target,R10MIDDLE_EAST,OilCap,1.478769903234641,1.0,1.0,4.350805656964988,1.0,1.0,2.5885472586504905,3.3364402578642736
AR6_REMIND-MAgPIE 2.1-4.3_DeepElec_SSP2_Base,baseline,R10LATIN_AM,OilCap,1.9470227953846238,1.0,1.0,5.834601167176971,1.0,1.0,3.9392107192576784,4.741438946664984
AR6_REMIND-MAgPIE 2.1-4.3_DeepElec_SSP2_ HighRE_Budg900,target,R10LATIN_AM,OilCap,1.756177432709747,1.0,1.0,4.963767204273151,1.0,1.0,3.259713453479011,3.9730246910174505
AR6_REMIND-MAgPIE 2.1-4.3_DeepElec_SSP2_Base,baseline,R10INDIA+,OilCap,1.9487722942549073,1.0,1.0,5.381773582336795,1.0,1.0,3.7520130302672428,4.437103118295932
AR6_REMIND-MAgPIE 2.1-4.3_DeepElec_SSP2_ HighRE_Budg900,target,R10INDIA+,OilCap,1.5394769687755099,1.0,1.0,4.198442643931379,1.0,1.0,2.5951551412721727,3.2291359228444847
AR6_REMIND-MAgPIE 2.1-4.3_DeepElec_SSP2_Base,baseline,R10EUROPE,OilCap,2.0606905027731264,2.4786640654398617,1.0,5.105248449573251,1.0,1.0,3.349515133409143,4.09564448499989
AR6_REMIND-MAgPIE 2.1-4.3_DeepElec_SSP2_ HighRE_Budg900,target,R10EUROPE,OilCap,1.7507554586430736,1.678724520660987,1.0,5.693016180618472,1.0,1.0,3.313301142333775,4.324025176362685
AR6_REMIND-MAgPIE 2.1-4.3_DeepElec_SSP2_Base,baseline,R10CHINA+,OilCap,2.1254434717845077,1.0,1.0,6.055824541194292,1.0,1.0,4.301706870016185,5.041079181540484
AR6_REMIND-MAgPIE 2.1-4.3_DeepElec_SSP2_ HighRE_Budg900,target,R10CHINA+,OilCap,1.9505027325360287,1.805365933769721,1.0,3.618965881135126,1.379339702159803,1.6104211177257166,2.523246396810955,2.9401905892994775
AR6_REMIND-MAgPIE 2.1-4.3_DeepElec_SSP2_Base,baseline,R10AFRICA,OilCap,1.9665898753129416,1.0,1.0,5.582948357595796,1.0,1.0,3.8041431485019515,4.553342901317119
AR6_REMIND-MAgPIE 2.1-4.3_DeepElec_SSP2_ HighRE_Budg900,target,R10AFRICA,OilCap,1.7959630787439218,1.0,1.0,4.830324024567209,1.0,1.0,3.182787055531181,3.8522802915396954
AR6_REMIND-MAgPIE 2.1-4.3_DeepElec_SSP2_Base,baseline,JPN,OilCap,2.6894582011057744,2.619327120576436,2.3486206811354386,3.090424238176599,2.3819482130616505,2.410448714174021,3.0423816770499497,3.066312912628289
AR6_REMIND-MAgPIE 2.1-4.3_DeepElec_SSP2_ HighRE_Budg900,target,JPN,OilCap,1.5939977583910774,1.603678714906458,1.3922015040876254,1.7877965780654095,1.398639265395325,1.4079611977606237,1.7428294509675997,1.7609961461861083
AR6_REMIND-MAgPIE 2.1-4.3_DeepElec_SSP2_Base,baseline,IND,OilCap,1.9487722942549073,1.0,1.0,5.381773582336795,1.0,1.0,3.7520130302672428,4.437103118295932
AR6_REMIND-MAgPIE 2.1-4.3_DeepElec_SSP2_ HighRE_Budg900,target,IND,OilCap,1.5394769687755099,1.0,1.0,4.198442643931379,1.0,1.0,2.5951551412721727,3.2291359228444847
AR6_REMIND-MAgPIE 2.1-4.3_DeepElec_SSP2_Base,baseline,Global,OilCap,3.040997382576426,2.991905221144289,2.8535005204291646,3.4401028190073544,2.868758297247201,2.8783625664212726,3.3697470325062677,3.404876573761613
AR6_REMIND-MAgPIE 2.1-4.3_DeepElec_SSP2_ HighRE_Budg900,target,Global,OilCap,1.9976026872908024,2.0285794885773822,1.5703336745767509,2.4390245355228557,1.5712365709992944,1.588145609078318,2.377045832222494,2.4079435690011493
AR6_REMIND-MAgPIE 2.1-4.3_DeepElec_SSP2_Base,baseline,EU,OilCap,2.0606905027731264,2.4786640654398617,1.0,5.105248449573251,1.0,1.0,3.349515133409143,4.09564448499989
AR6_REMIND-MAgPIE 2.1-4.3_DeepElec_SSP2_ HighRE_Budg900,target,EU,OilCap,1.7507554586430736,1.678724520660987,1.0,5.693016180618472,1.0,1.0,3.313301142333775,4.324025176362685
AR6_REMIND-MAgPIE 2.1-4.3_DeepElec_SSP2_Base,baseline,CHN,OilCap,2.1254434717845077,1.0,1.0,6.055824541194292,1.0,1.0,4.301706870016185,5.041079181540484
AR6_REMIND-MAgPIE 2.1-4.3_DeepElec_SSP2_ HighRE_Budg900,target,CHN,OilCap,1.9505027325360287,1.805365933769721,1.0,3.618965881135126,1.379339702159803,1.6104211177257166,2.523246396810955,2.9401905892994775
AR6_REMIND-MAgPIE 2.1-4.3_DeepElec_SSP2_Base,baseline,USA,NuclearCap,0.7987613930695079,0.8105110027793321,0.7386703695609115,0.8636315114293839,0.7416442494094847,0.7438086626122178,0.8508359148858231,0.8570343457346168
AR6_REMIND-MAgPIE 2.1-4.3_DeepElec_SSP2_ HighRE_Budg900,target,USA,NuclearCap,0.9249487413164703,0.9208462179511969,0.562464477873837,1.321171606998869,0.5703205147336265,0.5794512893531014,1.2842716628179804,1.30255675421873
AR6_REMIND-MAgPIE 2.1-4.3_DeepElec_SSP2_Base,baseline,RUS,NuclearCap,0.8721733075166573,0.8619702023919054,0.7702442881207713,1.025178268982565,0.7716921820372638,0.7731435747307549,1.0063831506290666,1.0157256187490726
AR6_REMIND-MAgPIE 2.1-4.3_DeepElec_SSP2_ HighRE_Budg900,target,RUS,NuclearCap,0.6907569932646797,0.6718111166631959,0.5083640530282859,0.9681425821127319,0.5108161161989284,0.5154604487487247,0.9302088909459991,0.948939466843208
AR6_REMIND-MAgPIE 2.1-4.3_DeepElec_SSP2_Base,baseline,R10ROWO,NuclearCap,1.0749358845265486,1.0647680960180421,1.0002281044473813,1.1885057240724155,1.0033320142623727,1.0064659838214856,1.1704166197972783,1.1793721116694043
AR6_REMIND-MAgPIE 2.1-4.3_DeepElec_SSP2_ HighRE_Budg900,target,R10ROWO,NuclearCap,1.0654383923655888,1.0591954575000837,0.9038513278794087,1.2456233929649347,0.9038927287787607,0.9116163955990664,1.2235826109914987,1.23454299725646
AR6_REMIND-MAgPIE 2.1-4.3_DeepElec_SSP2_Base,baseline,R10REST_ASIA,NuclearCap,0.6173901787968693,0.6027764010783395,0.5678621374767762,0.7089052681106257,0.5705544840040035,0.5724590747012487,0.6940448908842701,0.7013944863047796
AR6_REMIND-MAgPIE 2.1-4.3_DeepElec_SSP2_ HighRE_Budg900,target,R10REST_ASIA,NuclearCap,0.6056206162085676,0.615255494561675,0.4662759687548571,0.7024336645915793,0.4711988151253975,0.47829728470443783,0.7018951544636793,0.7021643460350953
AR6_REMIND-MAgPIE 2.1-4.3_DeepElec_SSP2_Base,baseline,R10REF_ECON,NuclearCap,0.8721733075166573,0.8619702023919054,0.7702442881207713,1.025178268982565,0.7716921820372638,0.7731435747307549,1.0063831506290666,1.0157256187490726
AR6_REMIND-MAgPIE 2.1-4.3_DeepElec_SSP2_ HighRE_Budg900,target,R10REF_ECON,NuclearCap,0.6760159425275035,0.6256589787720114,0.49853358019557603,0.9681425821127319,0.5061963087565828,0.5111672979452186,0.9302088909459991,0.948939466843208
AR6_REMIND-MAgPIE 2.1-4.3_DeepElec_SSP2_Base,baseline,R10PAC_OECD,NuclearCap,0.7497481625360838,0.6572106160751624,0.6143386480827834,1.360460538027726,0.6143650260479883,0.6143930654817084,1.1394110638953492,1.2378982889218024
AR6_REMIND-MAgPIE 2.1-4.3_DeepElec_SSP2_ HighRE_Budg900,target,R10PAC_OECD,NuclearCap,0.5848357165434924,0.503087488136698,0.4264869862786792,1.1235835153734235,0.429945424501676,0.4343126264582945,0.9754699827927058,1.0472416261250057
AR6_REMIND-MAgPIE 2.1-4.3_DeepElec_SSP2_Base,baseline,R10NORTH_AM,NuclearCap,0.7987613930695079,0.8105110027793321,0.7386703695609115,0.8636315114293839,0.7416442494094847,0.7438086626122178,0.8508359148858231,0.8570343457346168
AR6_REMIND-MAgPIE 2.1-4.3_DeepElec_SSP2_ HighRE_Budg900,target,R10NORTH_AM,NuclearCap,0.9249487413164703,0.9208462179511969,0.562464477873837,1.321171606998869,0.5703205147336265,0.5794512893531014,1.2842716628179804,1.30255675421873
AR6_REMIND-MAgPIE 2.1-4.3_DeepElec_SSP2_Base,baseline,R10MIDDLE_EAST,NuclearCap,0.9078772719046722,0.9106852422444827,0.8845262636772645,0.926696069868198,0.8866579981057163,0.8887964101406589,0.9230303101451522,0.9246991891022797
AR6_REMIND-MAgPIE 2.1-4.3_DeepElec_SSP2_ HighRE_Budg900,target,R10MIDDLE_EAST,NuclearCap,0.7025572602139261,0.6943363723905676,0.4974848497773469,0.923044733117569,0.5022605489620289,0.5072110525557989,0.9153449681600538,0.9191846473347838
AR6_REMIND-MAgPIE 2.1-4.3_DeepElec_SSP2_Base,baseline,R10LATIN_AM,NuclearCap,0.8120516130187365,0.8122487508754147,0.7911599322313743,0.8381019679605509,0.7930557769976491,0.7949675072974367,0.8314118007399296,0.8347762811466756
AR6_REMIND-MAgPIE 2.1-4.3_DeepElec_SSP2_ HighRE_Budg900,target,R10LATIN_AM,NuclearCap,0.8621435744663848,0.8518896454633382,0.7636920129792453,0.9808579473948299,0.7644927880947393,0.7684995833786836,0.9699034347612675,0.9753605305874006
AR6_REMIND-MAgPIE 2.1-4.3_DeepElec_SSP2_Base,baseline,R10INDIA+,NuclearCap,0.5888384324189222,0.5701923600733939,0.5145815584976184,0.7157167837963098,0.5173734592185115,0.5201848811187813,0.6979623110960713,0.7066825964109311
AR6_REMIND-MAgPIE 2.1-4.3_DeepElec_SSP2_ HighRE_Budg900,target,R10INDIA+,NuclearCap,0.617745403963068,0.6133664836598278,0.44343497938301857,0.7505598596708773,0.4501278553949319,0.4594603315512412,0.747512707700169,0.7490342963261322
AR6_REMIND-MAgPIE 2.1-4.3_DeepElec_SSP2_Base,baseline,R10EUROPE,NuclearCap,0.9164370466845421,0.9110626646440452,0.878944274493937,0.9573156008750315,0.8800312248683247,0.8807542995313171,0.9549309048796836,0.9560639453415128
AR6_REMIND-MAgPIE 2.1-4.3_DeepElec_SSP2_ HighRE_Budg900,target,R10EUROPE,NuclearCap,0.9803667292985689,1.039481281735478,0.6508866734787564,1.2276092272540922,0.6680164324427114,0.6803915751591196,1.2141896947308857,1.2208755099746829
AR6_REMIND-MAgPIE 2.1-4.3_DeepElec_SSP2_Base,baseline,R10CHINA+,NuclearCap,0.6885701532533035,0.6838474213868624,0.6150364260724527,0.776076161662579,0.6186441238699315,0.6222546257881126,0.7646153588995812,0.7702664564813232
AR6_REMIND-MAgPIE 2.1-4.3_DeepElec_SSP2_ HighRE_Budg900,target,R10CHINA+,NuclearCap,0.4828516261166968,0.4527758296526383,0.43397890647947585,0.6410943360413197,0.4345355038179874,0.4350823283854279,0.6219279706842342,0.6324702637354467
AR6_REMIND-MAgPIE 2.1-4.3_DeepElec_SSP2_Base,baseline,R10AFRICA,NuclearCap,0.8721488876176721,0.8635250388760664,0.8180485422772605,1.0018871454204632,0.8218309567721794,0.8249762673738741,0.9661783147386401,0.98370232502415
AR6_REMIND-MAgPIE 2.1-4.3_DeepElec_SSP2_ HighRE_Budg900,target,R10AFRICA,NuclearCap,0.9492418000734492,0.966752202255922,0.8096687627081507,1.0361045157981679,0.8167188926477317,0.8268176495262122,1.0326296162288329,1.034668976587573
AR6_REMIND-MAgPIE 2.1-4.3_DeepElec_SSP2_Base,baseline,JPN,NuclearCap,0.7497481625360838,0.6572106160751624,0.6143386480827834,1.360460538027726,0.6143650260479883,0.6143930654817084,1.1394110638953492,1.2378982889218024
AR6_REMIND-MAgPIE 2.1-4.3_DeepElec_SSP2_ HighRE_Budg900,target,JPN,NuclearCap,0.5848357165434924,0.503087488136698,0.4264869862786792,1.1235835153734235,0.429945424501676,0.4343126264582945,0.9754699827927058,1.0472416261250057
AR6_REMIND-MAgPIE 2.1-4.3_DeepElec_SSP2_Base,baseline,IND,NuclearCap,0.5888384324189222,0.5701923600733939,0.5145815584976184,0.7157167837963098,0.5173734592185115,0.5201848811187813,0.6979623110960713,0.7066825964109311
AR6_REMIND-MAgPIE 2.1-4.3_DeepElec_SSP2_ HighRE_Budg900,target,IND,NuclearCap,0.617745403963068,0.6133664836598278,0.44343497938301857,0.7505598596708773,0.4501278553949319,0.4594603315512412,0.747512707700169,0.7490342963261322
AR6_REMIND-MAgPIE 2.1-4.3_DeepElec_SSP2_Base,baseline,Global,NuclearCap,0.806569534742363,0.7871340739137669,0.748767028289574,0.9313190258882633,0.7505813707349391,0.7527448588475358,0.9090385349135424,0.9200803960601502
AR6_REMIND-MAgPIE 2.1-4.3_DeepElec_SSP2_ HighRE_Budg900,target,Global,NuclearCap,0.7167853672546057,0.7315653017571864,0.5838517855933555,0.8309519520005669,0.5904746296786553,0.5955783892024704,0.8125151629983798,0.820372381823864
AR6_REMIND-MAgPIE 2.1-4.3_DeepElec_SSP2_Base,baseline,EU,NuclearCap,0.9164370466845421,0.9110626646440452,0.878944274493937,0.9573156008750315,0.8800312248683247,0.8807542995313171,0.9549309048796836,0.9560639453415128
AR6_REMIND-MAgPIE 2.1-4.3_DeepElec_SSP2_ HighRE_Budg900,target,EU,NuclearCap,0.9803667292985689,1.039481281735478,0.6508866734787564,1.2276092272540922,0.6680164324427114,0.6803915751591196,1.2141896947308857,1.2208755099746829
AR6_REMIND-MAgPIE 2.1-4.3_DeepElec_SSP2_Base,baseline,CHN,NuclearCap,0.6885701532533035,0.6838474213868624,0.6150364260724527,0.776076161662579,0.6186441238699315,0.6222546257881126,0.7646153588995812,0.7702664564813232
AR6_REMIND-MAgPIE 2.1-4.3_DeepElec_SSP2_ HighRE_Budg900,target,CHN,NuclearCap,0.4828516261166968,0.4527758296526383,0.43397890647947585,0.6410943360413197,0.4345355038179874,0.4350823283854279,0.6219279706842342,0.6324702637354467
AR6_REMIND-MAgPIE 2.1-4.3_DeepElec_SSP2_Base,baseline,USA,HydroCap,0.3905011610689328,0.39701405230067016,0.3611998890367096,0.4206519511495368,0.36287369615146814,0.36388812980217755,0.4160773811490887,0.41845615807364345
AR6_REMIND-MAgPIE 2.1-4.3_DeepElec_SSP2_ HighRE_Budg900,target,USA,HydroCap,0.4541789337980999,0.45455164194386477,0.2768497032957123,0.6438052207141957,0.2805306929963714,0.2848347171632374,0.6269671392253123,0.6353105609273944
AR6_REMIND-MAgPIE 2.1-4.3_DeepElec_SSP2_Base,baseline,RUS,HydroCap,0.5295801530536003,0.5234026331309403,0.467990095789241,0.6221780013047125,0.468858911041444,0.46972982614243186,0.610780475273976,0.6164458304409587
AR6_REMIND-MAgPIE 2.1-4.3_DeepElec_SSP2_ HighRE_Budg900,target,RUS,HydroCap,0.42038518987428836,0.4083974805057573,0.30926822955872896,0.58958809602744,0.31077521942025677,0.31359744385937155,0.5664762434875894,0.5778882177379414
AR6_REMIND-MAgPIE 2.1-4.3_DeepElec_SSP2_Base,baseline,R10ROWO,HydroCap,0.4876549921842146,0.48361093161196295,0.4488112635860817,0.5413208587890486,0.45054020969244407,0.452284311881757,0.5333032853851636,0.537272022136187
AR6_REMIND-MAgPIE 2.1-4.3_DeepElec_SSP2_ HighRE_Budg900,target,R10ROWO,HydroCap,0.4932778353925628,0.49134524065820834,0.42087807251534787,0.5700534644287384,0.4209155275382672,0.42450816763381755,0.5611114448979575,0.5655579766928459
AR6_REMIND-MAgPIE 2.1-4.3_DeepElec_SSP2_Base,baseline,R10REST_ASIA,HydroCap,0.44087316308955793,0.43253348244590306,0.41251285649655883,0.49316052253086745,0.4132174642479142,0.41429815178675616,0.484639937291022,0.48884904419519637
AR6_REMIND-MAgPIE 2.1-4.3_DeepElec_SSP2_ HighRE_Budg900,target,R10REST_ASIA,HydroCap,0.441142809217947,0.4417854791919681,0.33795326834348516,0.5212101550070748,0.3404809487318441,0.3445605708595564,0.5207130979828034,0.5209615640260858
AR6_REMIND-MAgPIE 2.1-4.3_DeepElec_SSP2_Base,baseline,R10REF_ECON,HydroCap,0.5295801530536003,0.5234026331309403,0.467990095789241,0.6221780013047125,0.468858911041444,0.46972982614243186,0.610780475273976,0.6164458304409587
AR6_REMIND-MAgPIE 2.1-4.3_DeepElec_SSP2_ HighRE_Budg900,target,R10REF_ECON,HydroCap,0.4114224767856278,0.3802944201304296,0.3032877655377448,0.58958809602744,0.30793425542082625,0.31096146534729974,0.5664762434875894,0.5778882177379414
AR6_REMIND-MAgPIE 2.1-4.3_DeepElec_SSP2_Base,baseline,R10PAC_OECD,HydroCap,0.5628291028054336,0.5586494799004613,0.5424616139411313,0.6200902090051287,0.5431110974585391,0.5437931709306175,0.5838244361984043,0.5976080904421127
AR6_REMIND-MAgPIE 2.1-4.3_DeepElec_SSP2_ HighRE_Budg900,target,R10PAC_OECD,HydroCap,0.4424837622550451,0.4404439513469631,0.3911437667140124,0.5148545630495717,0.394724557862092,0.3988598185517745,0.5031197613973863,0.509134843371372
AR6_REMIND-MAgPIE 2.1-4.3_DeepElec_SSP2_Base,baseline,R10NORTH_AM,HydroCap,0.3905011610689328,0.39701405230067016,0.3611998890367096,0.4206519511495368,0.36287369615146814,0.36388812980217755,0.4160773811490887,0.41845615807364345
AR6_REMIND-MAgPIE 2.1-4.3_DeepElec_SSP2_ HighRE_Budg900,target,R10NORTH_AM,HydroCap,0.4541789337980999,0.45455164194386477,0.2768497032957123,0.6438052207141957,0.2805306929963714,0.2848347171632374,0.6269671392253123,0.6353105609273944
AR6_REMIND-MAgPIE 2.1-4.3_DeepElec_SSP2_Base,baseline,R10MIDDLE_EAST,HydroCap,0.620240759447369,0.6197605241691955,0.6012141330355653,0.6362608111410825,0.6028047759900695,0.6043994727444145,0.6336306126696647,0.6347702515577162
AR6_REMIND-MAgPIE 2.1-4.3_DeepElec_SSP2_ HighRE_Budg900,target,R10MIDDLE_EAST,HydroCap,0.4829912701991406,0.4791551582370785,0.3469283675744912,0.6222564308463482,0.3506007782397228,0.35432882498127694,0.6185897486822214,0.6204176525656766
AR6_REMIND-MAgPIE 2.1-4.3_DeepElec_SSP2_Base,baseline,R10LATIN_AM,HydroCap,0.4350095823601865,0.4344848628326484,0.43098115249890184,0.44415081231565673,0.4311103752431027,0.4314730601176794,0.44102537635723926,0.44259887409949716
AR6_REMIND-MAgPIE 2.1-4.3_DeepElec_SSP2_ HighRE_Budg900,target,R10LATIN_AM,HydroCap,0.4604848961358433,0.45260362155989,0.40775067690943184,0.5277857938946583,0.4080783875835684,0.4100989815346377,0.5211547084481579,0.5244579645632883
AR6_REMIND-MAgPIE 2.1-4.3_DeepElec_SSP2_Base,baseline,R10INDIA+,HydroCap,0.4776608495393214,0.4610184328384289,0.42252462394714807,0.5786900096117766,0.42451076865462684,0.4265110764308283,0.564339584136561,0.571387913247354
AR6_REMIND-MAgPIE 2.1-4.3_DeepElec_SSP2_ HighRE_Budg900,target,R10INDIA+,HydroCap,0.5005821781789696,0.49594028097395904,0.35849106510752565,0.6101836633604983,0.3639056926364191,0.3714496119275315,0.6079549916961753,0.6090678561951102
AR6_REMIND-MAgPIE 2.1-4.3_DeepElec_SSP2_Base,baseline,R10EUROPE,HydroCap,0.4711691909229534,0.4721329153030628,0.44865594822637445,0.50499707036007,0.44895348958620906,0.44973380286251974,0.49712134559548615,0.5010396365839761
AR6_REMIND-MAgPIE 2.1-4.3_DeepElec_SSP2_ HighRE_Budg900,target,R10EUROPE,HydroCap,0.5034038509408338,0.5347165234974791,0.34239908344276593,0.6165573220211805,0.35165039781601637,0.35796315147296914,0.6109256394702611,0.6137310207363117
AR6_REMIND-MAgPIE 2.1-4.3_DeepElec_SSP2_Base,baseline,R10CHINA+,HydroCap,0.48865535713706826,0.4878045924503681,0.4376595135171448,0.5392361483185182,0.44034499386435916,0.4430333924886774,0.533786492581972,0.5364600178803689
AR6_REMIND-MAgPIE 2.1-4.3_DeepElec_SSP2_ HighRE_Budg900,target,R10CHINA+,HydroCap,0.3464703317562034,0.3275205974249043,0.3139077391094277,0.44832483616548635,0.3141972719776139,0.3144796113025109,0.4375765476891656,0.4436372467405037
AR6_REMIND-MAgPIE 2.1-4.3_DeepElec_SSP2_Base,baseline,R10AFRICA,HydroCap,0.35992655801232354,0.3645468271614588,0.33595564690047147,0.3833467965077896,0.33708173932703506,0.3383083441022756,0.3749677407041308,0.3782158204962556
AR6_REMIND-MAgPIE 2.1-4.3_DeepElec_SSP2_ HighRE_Budg900,target,R10AFRICA,HydroCap,0.40161627205740114,0.4042124773180529,0.3403107999433396,0.45912032298119393,0.34219805981937906,0.3458755806657805,0.452475445341261,0.455785697003389
AR6_REMIND-MAgPIE 2.1-4.3_DeepElec_SSP2_Base,baseline,JPN,HydroCap,0.5628291028054336,0.5586494799004613,0.5424616139411313,0.6200902090051287,0.5431110974585391,0.5437931709306175,0.5838244361984043,0.5976080904421127
AR6_REMIND-MAgPIE 2.1-4.3_DeepElec_SSP2_ HighRE_Budg900,target,JPN,HydroCap,0.4424837622550451,0.4404439513469631,0.3911437667140124,0.5148545630495717,0.394724557862092,0.3988598185517745,0.5031197613973863,0.509134843371372
AR6_REMIND-MAgPIE 2.1-4.3_DeepElec_SSP2_Base,baseline,IND,HydroCap,0.4776608495393214,0.4610184328384289,0.42252462394714807,0.5786900096117766,0.42451076865462684,0.4265110764308283,0.564339584136561,0.571387913247354
AR6_REMIND-MAgPIE 2.1-4.3_DeepElec_SSP2_ HighRE_Budg900,target,IND,HydroCap,0.5005821781789696,0.49594028097395904,0.35849106510752565,0.6101836633604983,0.3639056926364191,0.3714496119275315,0.6079549916961753,0.6090678561951102
AR6_REMIND-MAgPIE 2.1-4.3_DeepElec_SSP2_Base,baseline,Global,HydroCap,0.4301293569397674,0.42359676161468995,0.4029443577356745,0.4793031500557314,0.4037312558905697,0.4049339672537949,0.47164065967146085,0.475434931215017
AR6_REMIND-MAgPIE 2.1-4.3_DeepElec_SSP2_ HighRE_Budg900,target,Global,HydroCap,0.38606699348124524,0.39780679286704757,0.3148388444979533,0.44180584680952284,0.31895467964355967,0.32159635220823224,0.4382274806451125,0.440011281495576
AR6_REMIND-MAgPIE 2.1-4.3_DeepElec_SSP2_Base,baseline,EU,HydroCap,0.4711691909229534,0.4721329153030628,0.44865594822637445,0.50499707036007,0.44895348958620906,0.44973380286251974,0.49712134559548615,0.5010396365839761
AR6_REMIND-MAgPIE 2.1-4.3_DeepElec_SSP2_ HighRE_Budg900,target,EU,HydroCap,0.5034038509408338,0.5347165234974791,0.34239908344276593,0.6165573220211805,0.35165039781601637,0.35796315147296914,0.6109256394702611,0.6137310207363117
AR6_REMIND-MAgPIE 2.1-4.3_DeepElec_SSP2_Base,baseline,CHN,HydroCap,0.48865535713706826,0.4878045924503681,0.4376595135171448,0.5392361483185182,0.44034499386435916,0.4430333924886774,0.533786492581972,0.5364600178803689
AR6_REMIND-MAgPIE 2.1-4.3_DeepElec_SSP2_ HighRE_Budg900,target,CHN,HydroCap,0.3464703317562034,0.3275205974249043,0.3139077391094277,0.44832483616548635,0.3141972719776139,0.3144796113025109,0.4375765476891656,0.4436372467405037
AR6_REMIND-MAgPIE 2.1-4.3_DeepElec_SSP2_Base,baseline,USA,GeothermalCap,0.379434782303661,0.38496944675426154,0.35091062943984586,0.41024461229635567,0.3523253640473925,0.35335318801600846,0.4041535775115444,0.40710409466424247
AR6_REMIND-MAgPIE 2.1-4.3_DeepElec_SSP2_ HighRE_Budg900,target,USA,GeothermalCap,0.4393889058007029,0.4374271937276138,0.26718652962145556,0.6277456951856537,0.27092362520983165,0.2752663864715274,0.6101622986678275,0.6188754301386556
AR6_REMIND-MAgPIE 2.1-4.3_DeepElec_SSP2_Base,baseline,RUS,GeothermalCap,0.4933070698823129,0.48746445054188553,0.43566516008984824,0.5799524639185637,0.4364889808894311,0.4373147924583905,0.5693022647442628,0.5745961472915735
AR6_REMIND-MAgPIE 2.1-4.3_DeepElec_SSP2_ HighRE_Budg900,target,RUS,GeothermalCap,0.3906621741183346,0.3799202170267731,0.2875108060620803,0.5474370209852765,0.2888934235043709,0.2915209522286749,0.5260173109993136,0.5365937532382231
AR6_REMIND-MAgPIE 2.1-4.3_DeepElec_SSP2_Base,baseline,R10ROWO,GeothermalCap,0.5877829259378132,0.5820798755006034,0.5469010133541921,0.6498673684060258,0.5486249249138394,0.5503653812164988,0.6400135092473908,0.6448918295795206
AR6_REMIND-MAgPIE 2.1-4.3_DeepElec_SSP2_ HighRE_Budg900,target,R10ROWO,GeothermalCap,0.582720778574627,0.5796880348814517,0.4946672791982178,0.6792388807781905,0.4947035917376725,0.49892774737216417,0.6676463379921143,0.67341109527929
AR6_REMIND-MAgPIE 2.1-4.3_DeepElec_SSP2_Base,baseline,R10REST_ASIA,GeothermalCap,0.5522492050068926,0.5392202959937693,0.507950099603996,0.6339829081250242,0.5103726173346121,0.5120784234242994,0.620723278210005,0.6272811166831039
AR6_REMIND-MAgPIE 2.1-4.3_DeepElec_SSP2_ HighRE_Budg900,target,R10REST_ASIA,GeothermalCap,0.5417366346517283,0.5503351491892676,0.41707719454068304,0.6283002967712179,0.4214855988179127,0.4278402065232814,0.627838030315915,0.628069109132615
AR6_REMIND-MAgPIE 2.1-4.3_DeepElec_SSP2_Base,baseline,R10REF_ECON,GeothermalCap,0.4933070698823129,0.48746445054188553,0.43566516008984824,0.5799524639185637,0.4364889808894311,0.4373147924583905,0.5693022647442628,0.5745961472915735
AR6_REMIND-MAgPIE 2.1-4.3_DeepElec_SSP2_ HighRE_Budg900,target,R10REF_ECON,GeothermalCap,0.3823254740020697,0.3538032557481906,0.2819510754885527,0.5474370209852765,0.2862889760915539,0.2890995358324523,0.5260173109993136,0.5365937532382231
AR6_REMIND-MAgPIE 2.1-4.3_DeepElec_SSP2_Base,baseline,R10PAC_OECD,GeothermalCap,0.4452407052005032,0.4418535861516337,0.43532737040907715,0.4858092921836561,0.43652207980910085,0.43764716623451133,0.4570867009592464,0.46804047033383755
AR6_REMIND-MAgPIE 2.1-4.3_DeepElec_SSP2_ HighRE_Budg900,target,R10PAC_OECD,GeothermalCap,0.3442448385221476,0.3428441583225576,0.30465740558293614,0.40123541756965886,0.30711770967121915,0.31022700874042897,0.39119608461460675,0.39632715631651083
AR6_REMIND-MAgPIE 2.1-4.3_DeepElec_SSP2_Base,baseline,R10NORTH_AM,GeothermalCap,0.379434782303661,0.38496944675426154,0.35091062943984586,0.41024461229635567,0.3523253640473925,0.35335318801600846,0.4041535775115444,0.40710409466424247
AR6_REMIND-MAgPIE 2.1-4.3_DeepElec_SSP2_ HighRE_Budg900,target,R10NORTH_AM,GeothermalCap,0.4393889058007029,0.4374271937276138,0.26718652962145556,0.6277456951856537,0.27092362520983165,0.2752663864715274,0.6101622986678275,0.6188754301386556
AR6_REMIND-MAgPIE 2.1-4.3_DeepElec_SSP2_Base,baseline,R10MIDDLE_EAST,GeothermalCap,0.55706384897464,0.5587240957638182,0.5427132203667666,0.5686148490695593,0.5440430068051033,0.5453769583533805,0.5663365527468754,0.5673589992867397
AR6_REMIND-MAgPIE 2.1-4.3_DeepElec_SSP2_ HighRE_Budg900,target,R10MIDDLE_EAST,GeothermalCap,0.4310315070105126,0.42604462766315154,0.30520192702491855,0.5662112624029707,0.3081238910158176,0.3111554560951867,0.5615095307681611,0.563854166315275
AR6_REMIND-MAgPIE 2.1-4.3_DeepElec_SSP2_Base,baseline,R10LATIN_AM,GeothermalCap,0.5216305272356766,0.5217764408579146,0.5084133096906878,0.5383149924261634,0.5095909523858746,0.5107786765626685,0.5340966313526421,0.53621837448416
AR6_REMIND-MAgPIE 2.1-4.3_DeepElec_SSP2_ HighRE_Budg900,target,R10LATIN_AM,GeothermalCap,0.5537476024829421,0.5471650594091693,0.49050064766665796,0.6303625386059583,0.4910260973543983,0.49360342627101683,0.6231808845247763,0.6267585054690403
AR6_REMIND-MAgPIE 2.1-4.3_DeepElec_SSP2_Base,baseline,R10INDIA+,GeothermalCap,0.6888611182038029,0.6669823271025955,0.6020122165281545,0.8373534117389497,0.6052722388395901,0.6085550553890587,0.8165965404924249,0.8267914079379347
AR6_REMIND-MAgPIE 2.1-4.3_DeepElec_SSP2_ HighRE_Budg900,target,R10INDIA+,GeothermalCap,0.7226737205082009,0.7175058969331685,0.5187303842924762,0.8779621903389561,0.5265610243179513,0.5374778711131931,0.8744426343369297,0.8762001162335281
AR6_REMIND-MAgPIE 2.1-4.3_DeepElec_SSP2_Base,baseline,R10EUROPE,GeothermalCap,0.4618956196836985,0.4591976987035745,0.4430011679090783,0.4825006786405861,0.44355343742177994,0.4439169913576776,0.48128408717612053,0.4818599227047082
AR6_REMIND-MAgPIE 2.1-4.3_DeepElec_SSP2_ HighRE_Budg900,target,R10EUROPE,GeothermalCap,0.49414098733621586,0.5239017499645102,0.3280655594789325,0.6192160870389278,0.3366982226112297,0.34293383144983597,0.6122858435904894,0.6157386020779894
AR6_REMIND-MAgPIE 2.1-4.3_DeepElec_SSP2_Base,baseline,R10CHINA+,GeothermalCap,0.5581854301217035,0.5543564945570485,0.4985853218877761,0.6291296311194847,0.5015076618392363,0.5044322580180105,0.6198366515208794,0.6244188482814785
AR6_REMIND-MAgPIE 2.1-4.3_DeepElec_SSP2_ HighRE_Budg900,target,R10CHINA+,GeothermalCap,0.3914175708388545,0.3670328520951987,0.35181801524654577,0.5196884812262829,0.3522680659695171,0.3527101922760715,0.5041525213530034,0.5126979878744078
AR6_REMIND-MAgPIE 2.1-4.3_DeepElec_SSP2_Base,baseline,R10AFRICA,GeothermalCap,0.6238598824434738,0.6194077454084388,0.5834788729761339,0.7164087459365784,0.5865063119023777,0.5888274567342534,0.6905100443799643,0.7032211364304539
AR6_REMIND-MAgPIE 2.1-4.3_DeepElec_SSP2_ HighRE_Budg900,target,R10AFRICA,GeothermalCap,0.6783886673492687,0.6906735393673941,0.5780069036403254,0.74308737249507,0.5832014931992148,0.5903766279292875,0.7392241492808062,0.7411244937084969
AR6_REMIND-MAgPIE 2.1-4.3_DeepElec_SSP2_Base,baseline,JPN,GeothermalCap,0.4452407052005032,0.4418535861516337,0.43532737040907715,0.4858092921836561,0.43652207980910085,0.43764716623451133,0.4570867009592464,0.46804047033383755
AR6_REMIND-MAgPIE 2.1-4.3_DeepElec_SSP2_ HighRE_Budg900,target,JPN,GeothermalCap,0.3442448385221476,0.3428441583225576,0.30465740558293614,0.40123541756965886,0.30711770967121915,0.31022700874042897,0.39119608461460675,0.39632715631651083
AR6_REMIND-MAgPIE 2.1-4.3_DeepElec_SSP2_Base,baseline,IND,GeothermalCap,0.6888611182038029,0.6669823271025955,0.6020122165281545,0.8373534117389497,0.6052722388395901,0.6085550553890587,0.8165965404924249,0.8267914079379347
AR6_REMIND-MAgPIE 2.1-4.3_DeepElec_SSP2_ HighRE_Budg900,target,IND,GeothermalCap,0.7226737205082009,0.7175058969331685,0.5187303842924762,0.8779621903389561,0.5265610243179513,0.5374778711131931,0.8744426343369297,0.8762001162335281
AR6_REMIND-MAgPIE 2.1-4.3_DeepElec_SSP2_Base,baseline,Global,GeothermalCap,0.4945039611385863,0.4862186355285478,0.46444810828423244,0.5510896879968463,0.46557399004436956,0.4669158708519469,0.541599876272665,0.5463005708133893
AR6_REMIND-MAgPIE 2.1-4.3_DeepElec_SSP2_ HighRE_Budg900,target,Global,GeothermalCap,0.44376715734164096,0.4568648726822799,0.3597217206869862,0.5120642165643159,0.36439424663589765,0.36741854840419874,0.5073372647832302,0.5096937554867085
AR6_REMIND-MAgPIE 2.1-4.3_DeepElec_SSP2_Base,baseline,EU,GeothermalCap,0.4618956196836985,0.4591976987035745,0.4430011679090783,0.4825006786405861,0.44355343742177994,0.4439169913576776,0.48128408717612053,0.4818599227047082
AR6_REMIND-MAgPIE 2.1-4.3_DeepElec_SSP2_ HighRE_Budg900,target,EU,GeothermalCap,0.49414098733621586,0.5239017499645102,0.3280655594789325,0.6192160870389278,0.3366982226112297,0.34293383144983597,0.6122858435904894,0.6157386020779894
AR6_REMIND-MAgPIE 2.1-4.3_DeepElec_SSP2_Base,baseline,CHN,GeothermalCap,0.5581854301217035,0.5543564945570485,0.4985853218877761,0.6291296311194847,0.5015076618392363,0.5044322580180105,0.6198366515208794,0.6244188482814785
AR6_REMIND-MAgPIE 2.1-4.3_DeepElec_SSP2_ HighRE_Budg900,target,CHN,GeothermalCap,0.3914175708388545,0.3670328520951987,0.35181801524654577,0.5196884812262829,0.3522680659695171,0.3527101922760715,0.5041525213530034,0.5126979878744078
AR6_REMIND-MAgPIE 2.1-4.3_DeepElec_SSP2_Base,baseline,USA,GasCap - w/o CCS,1.1755102824520824,1.1376431849865256,1.0780540679809423,1.3874311641389903,1.0827096697453342,1.085805610115464,1.3453010067720146,1.3662636369910626
AR6_REMIND-MAgPIE 2.1-4.3_DeepElec_SSP2_ HighRE_Budg900,target,USA,GasCap - w/o CCS,2.2555262479738527,2.6070734514701774,0.9655487505800134,3.5475084029916806,0.9708253426726227,0.9769886123546101,3.4645321519821515,3.5055866208079007
AR6_REMIND-MAgPIE 2.1-4.3_DeepElec_SSP2_Base,baseline,RUS,GasCap - w/o CCS,1.819789690476528,1.784533389555352,1.4697275922432242,2.305003332725816,1.488229134549549,1.5067829922356573,2.2287704648780657,2.266662678663329
AR6_REMIND-MAgPIE 2.1-4.3_DeepElec_SSP2_ HighRE_Budg900,target,RUS,GasCap - w/o CCS,2.1949574812433132,2.12621335616626,1.2177959586367524,3.4833254037766244,1.219517072729219,1.2251563551664792,3.3820903990470716,3.432075297602134
AR6_REMIND-MAgPIE 2.1-4.3_DeepElec_SSP2_Base,baseline,R10ROWO,GasCap - w/o CCS,1.574223089933562,1.5721278860712251,1.5261941173680302,1.6398941923964372,1.5266245694341953,1.5270673605886134,1.630006811813121,1.6340494375136958
AR6_REMIND-MAgPIE 2.1-4.3_DeepElec_SSP2_ HighRE_Budg900,target,R10ROWO,GasCap - w/o CCS,1.735419124805188,1.6762327512473623,1.3467788030354517,2.170712221746011,1.3581332414210978,1.3674652101829141,2.128755354303593,2.1492558862798417
AR6_REMIND-MAgPIE 2.1-4.3_DeepElec_SSP2_Base,baseline,R10REST_ASIA,GasCap - w/o CCS,1.1434575520264068,1.1515336396588556,1.0840276202270283,1.1856203890143109,1.0864813545560144,1.0889993221246956,1.1817819939005934,1.1836694763251219
AR6_REMIND-MAgPIE 2.1-4.3_DeepElec_SSP2_ HighRE_Budg900,target,R10REST_ASIA,GasCap - w/o CCS,1.7807658980499659,1.5803558708185022,0.965443458788931,2.669732473849087,0.9669902668759991,0.9681818214776127,2.6509008193773895,2.660318357424153
AR6_REMIND-MAgPIE 2.1-4.3_DeepElec_SSP2_Base,baseline,R10REF_ECON,GasCap - w/o CCS,1.819789690476528,1.784533389555352,1.4697275922432242,2.305003332725816,1.488229134549549,1.5067829922356573,2.2287704648780657,2.266662678663329
AR6_REMIND-MAgPIE 2.1-4.3_DeepElec_SSP2_ HighRE_Budg900,target,R10REF_ECON,GasCap - w/o CCS,2.164712792914586,2.12621335616626,1.1451526292375018,3.4833254037766244,1.1561137359912286,1.164391106959493,3.3820903990470716,3.432075297602134
AR6_REMIND-MAgPIE 2.1-4.3_DeepElec_SSP2_Base,baseline,R10PAC_OECD,GasCap - w/o CCS,1.0203183556008353,1.0202883409623174,0.9361522850982618,1.091893689210732,0.9514028951073573,0.9621334168024346,1.0762636561873413,1.0840468856331253
AR6_REMIND-MAgPIE 2.1-4.3_DeepElec_SSP2_ HighRE_Budg900,target,R10PAC_OECD,GasCap - w/o CCS,0.8601332248248389,0.8431704025331357,0.7966328804642993,1.0192546464143364,0.7967556708262851,0.7970232872760435,0.9857880912708741,1.0019650778933662
AR6_REMIND-MAgPIE 2.1-4.3_DeepElec_SSP2_Base,baseline,R10NORTH_AM,GasCap - w/o CCS,1.1755102824520824,1.1376431849865256,1.0780540679809423,1.3874311641389903,1.0827096697453342,1.085805610115464,1.3453010067720146,1.3662636369910626
AR6_REMIND-MAgPIE 2.1-4.3_DeepElec_SSP2_ HighRE_Budg900,target,R10NORTH_AM,GasCap - w/o CCS,2.2555262479738527,2.6070734514701774,0.9655487505800134,3.5475084029916806,0.9708253426726227,0.9769886123546101,3.4645321519821515,3.5055866208079007
AR6_REMIND-MAgPIE 2.1-4.3_DeepElec_SSP2_Base,baseline,R10MIDDLE_EAST,GasCap - w/o CCS,1.8439767494336208,1.854684664737328,1.6294290981605972,1.9907350657446319,1.6523971845834817,1.6754372390554395,1.9650329454573567,1.9778953057256188
AR6_REMIND-MAgPIE 2.1-4.3_DeepElec_SSP2_ HighRE_Budg900,target,R10MIDDLE_EAST,GasCap - w/o CCS,2.219198235222876,2.531924525377298,0.9963450386423689,3.438112365865872,1.004223114079596,1.011682289792195,3.359747142033264,3.398546844703052
AR6_REMIND-MAgPIE 2.1-4.3_DeepElec_SSP2_Base,baseline,R10LATIN_AM,GasCap - w/o CCS,1.2895945424120538,1.2860000515720422,1.2108125461748913,1.36522872007604,1.220142342970928,1.2293431570761295,1.3503010580158503,1.3577673798169818
AR6_REMIND-MAgPIE 2.1-4.3_DeepElec_SSP2_ HighRE_Budg900,target,R10LATIN_AM,GasCap - w/o CCS,1.4971776839037847,1.4401947235723105,1.2487153708121856,1.7624825167988247,1.2496503010435782,1.2522259575714725,1.762430562340273,1.7624796205486613
AR6_REMIND-MAgPIE 2.1-4.3_DeepElec_SSP2_Base,baseline,R10INDIA+,GasCap - w/o CCS,1.5300874781511484,1.530357779298441,1.4808023809472717,1.5779274995495955,1.4837370194698611,1.4858513982545292,1.573953035246182,1.5756144426244114
AR6_REMIND-MAgPIE 2.1-4.3_DeepElec_SSP2_ HighRE_Budg900,target,R10INDIA+,GasCap - w/o CCS,2.096690543505616,2.181221643925933,1.2532376333635447,2.8867025150639987,1.2783627903525987,1.294219981281322,2.845888080756965,2.863394805503012
AR6_REMIND-MAgPIE 2.1-4.3_DeepElec_SSP2_Base,baseline,R10EUROPE,GasCap - w/o CCS,1.094608476393195,1.0579783433709204,1.0412127707733438,1.2536471404779737,1.042489167477541,1.0433517868734044,1.2302482877319685,1.241931026276169
AR6_REMIND-MAgPIE 2.1-4.3_DeepElec_SSP2_ HighRE_Budg900,target,R10EUROPE,GasCap - w/o CCS,2.0853879787373732,2.3539266151962637,0.9446155688103459,2.8855015784830456,0.9513217986705087,0.9598989985991166,2.8799598504628197,2.882702494894257
AR6_REMIND-MAgPIE 2.1-4.3_DeepElec_SSP2_Base,baseline,R10CHINA+,GasCap - w/o CCS,1.9549228798254137,1.9269381631557188,1.7279071815741243,2.1206135439634397,1.745072530234865,1.7627742525643835,2.1179707230181277,2.1193225894264973
AR6_REMIND-MAgPIE 2.1-4.3_DeepElec_SSP2_ HighRE_Budg900,target,R10CHINA+,GasCap - w/o CCS,1.0651917670633624,1.0906530969453982,0.9723635191238478,1.1702436623247687,0.9727457888627797,0.9732485696879556,1.1560979170359182,1.1650505078203626
AR6_REMIND-MAgPIE 2.1-4.3_DeepElec_SSP2_Base,baseline,R10AFRICA,GasCap - w/o CCS,1.2883726472634884,1.2866721389359195,1.1989445205192215,1.4118394785696322,1.204568047740101,1.2087777819371794,1.3869133199700647,1.3993667102430698
AR6_REMIND-MAgPIE 2.1-4.3_DeepElec_SSP2_ HighRE_Budg900,target,R10AFRICA,GasCap - w/o CCS,2.155278104877759,2.2066701442680134,1.394155139830502,2.85438795662926,1.3975648052442404,1.4021680114520985,2.8451235542204083,2.8488554744480687
AR6_REMIND-MAgPIE 2.1-4.3_DeepElec_SSP2_Base,baseline,JPN,GasCap - w/o CCS,1.0203183556008353,1.0202883409623174,0.9361522850982618,1.091893689210732,0.9514028951073573,0.9621334168024346,1.0762636561873413,1.0840468856331253
AR6_REMIND-MAgPIE 2.1-4.3_DeepElec_SSP2_ HighRE_Budg900,target,JPN,GasCap - w/o CCS,0.8601332248248389,0.8431704025331357,0.7966328804642993,1.0192546464143364,0.7967556708262851,0.7970232872760435,0.9857880912708741,1.0019650778933662
AR6_REMIND-MAgPIE 2.1-4.3_DeepElec_SSP2_Base,baseline,IND,GasCap - w/o CCS,1.5300874781511484,1.530357779298441,1.4808023809472717,1.5779274995495955,1.4837370194698611,1.4858513982545292,1.573953035246182,1.5756144426244114
AR6_REMIND-MAgPIE 2.1-4.3_DeepElec_SSP2_ HighRE_Budg900,target,IND,GasCap - w/o CCS,2.096690543505616,2.181221643925933,1.2532376333635447,2.8867025150639987,1.2783627903525987,1.294219981281322,2.845888080756965,2.863394805503012
AR6_REMIND-MAgPIE 2.1-4.3_DeepElec_SSP2_Base,baseline,Global,GasCap - w/o CCS,1.3069442168872587,1.3077966658408777,1.2499322249401295,1.3947236809265509,1.2522323366102202,1.2545224924226146,1.3664215321641882,1.3805480523276437
AR6_REMIND-MAgPIE 2.1-4.3_DeepElec_SSP2_ HighRE_Budg900,target,Global,GasCap - w/o CCS,1.3454454202148984,1.3059352755920206,1.0271060870118518,1.6549854162520512,1.0272419489876312,1.0278887874949127,1.648721130674313,1.6518599356421046
AR6_REMIND-MAgPIE 2.1-4.3_DeepElec_SSP2_Base,baseline,EU,GasCap - w/o CCS,1.094608476393195,1.0579783433709204,1.0412127707733438,1.2536471404779737,1.042489167477541,1.0433517868734044,1.2302482877319685,1.241931026276169
AR6_REMIND-MAgPIE 2.1-4.3_DeepElec_SSP2_ HighRE_Budg900,target,EU,GasCap - w/o CCS,2.0853879787373732,2.3539266151962637,0.9446155688103459,2.8855015784830456,0.9513217986705087,0.9598989985991166,2.8799598504628197,2.882702494894257
AR6_REMIND-MAgPIE 2.1-4.3_DeepElec_SSP2_Base,baseline,CHN,GasCap - w/o CCS,1.9549228798254137,1.9269381631557188,1.7279071815741243,2.1206135439634397,1.745072530234865,1.7627742525643835,2.1179707230181277,2.1193225894264973
AR6_REMIND-MAgPIE 2.1-4.3_DeepElec_SSP2_ HighRE_Budg900,target,CHN,GasCap - w/o CCS,1.0651917670633624,1.0906530969453982,0.9723635191238478,1.1702436623247687,0.9727457888627797,0.9732485696879556,1.1560979170359182,1.1650505078203626
AR6_REMIND-MAgPIE 2.1-4.3_DeepElec_SSP2_Base,baseline,USA,GasCap,1.1391887534181353,1.1026875440676536,1.0453156102701875,1.3442278092603697,1.0498741123565436,1.0528671075229692,1.3033284772990208,1.323679922720375
AR6_REMIND-MAgPIE 2.1-4.3_DeepElec_SSP2_ HighRE_Budg900,target,USA,GasCap,2.254308077946177,2.6079382188085156,0.9647865742236122,3.5433610241122198,0.9700864904998686,0.9762711631694712,3.4604591588481526,3.501476896130069
AR6_REMIND-MAgPIE 2.1-4.3_DeepElec_SSP2_Base,baseline,RUS,GasCap,1.3371867387811127,1.312113553192289,1.091182932821212,1.681728554151306,1.103562059629691,1.1159787502833811,1.6281147943181322,1.6547637490871576
AR6_REMIND-MAgPIE 2.1-4.3_DeepElec_SSP2_ HighRE_Budg900,target,RUS,GasCap,1.6945992394997549,1.6843224843910196,0.8603142117902404,2.7545771321603785,0.8680892602655077,0.8759107338940701,2.6694692212458597,2.7114920830357985
AR6_REMIND-MAgPIE 2.1-4.3_DeepElec_SSP2_Base,baseline,R10ROWO,GasCap,1.4171042617145062,1.415233558419593,1.373867041064859,1.476216874682923,1.374256067734576,1.374656196146465,1.4673107819333637,1.4709506800256142
AR6_REMIND-MAgPIE 2.1-4.3_DeepElec_SSP2_ HighRE_Budg900,target,R10ROWO,GasCap,1.4568098887114131,1.408907080738334,1.1423365876074152,1.735064180557642,1.1528015416602277,1.160584975929135,1.7342324379583702,1.7346264832076432
AR6_REMIND-MAgPIE 2.1-4.3_DeepElec_SSP2_Base,baseline,R10REST_ASIA,GasCap,1.1434575520264068,1.1515336396588556,1.0840276202270283,1.1856203890143109,1.0864813545560144,1.0889993221246956,1.1817819939005934,1.1836694763251219
AR6_REMIND-MAgPIE 2.1-4.3_DeepElec_SSP2_ HighRE_Budg900,target,R10REST_ASIA,GasCap,1.7804388396563897,1.5803129337174675,0.9654438855741844,2.6692665744595225,0.9669909022540204,0.9681824377258061,2.65012371269607,2.6596967352528473
AR6_REMIND-MAgPIE 2.1-4.3_DeepElec_SSP2_Base,baseline,R10REF_ECON,GasCap,1.8109787060167404,1.7758160564093666,1.4615737361022356,2.2949522119997394,1.4800981303115741,1.4986746677592273,2.218866295354255,2.256685487353294
AR6_REMIND-MAgPIE 2.1-4.3_DeepElec_SSP2_ HighRE_Budg900,target,R10REF_ECON,GasCap,2.163868986892729,2.1257429188429278,1.145155482463502,3.4839394943147775,1.1561069626147489,1.1643822488519178,3.3813863477685135,3.4320231466199846
AR6_REMIND-MAgPIE 2.1-4.3_DeepElec_SSP2_Base,baseline,R10PAC_OECD,GasCap,1.0111850423878734,1.0109253443572377,0.928346346543014,1.082614284406534,0.9433624987593658,0.9540203126401365,1.0669874747593435,1.0747693600408632
AR6_REMIND-MAgPIE 2.1-4.3_DeepElec_SSP2_ HighRE_Budg900,target,R10PAC_OECD,GasCap,0.8479630321195877,0.8448334159938532,0.7903610025315897,0.9308760145430303,0.7905763129453593,0.7907090127580827,0.9215945004570957,0.9261604454434194
AR6_REMIND-MAgPIE 2.1-4.3_DeepElec_SSP2_Base,baseline,R10NORTH_AM,GasCap,1.1391887534181353,1.1026875440676536,1.0453156102701875,1.3442278092603697,1.0498741123565436,1.0528671075229692,1.3033284772990208,1.323679922720375
AR6_REMIND-MAgPIE 2.1-4.3_DeepElec_SSP2_ HighRE_Budg900,target,R10NORTH_AM,GasCap,2.254308077946177,2.6079382188085156,0.9647865742236122,3.5433610241122198,0.9700864904998686,0.9762711631694712,3.4604591588481526,3.501476896130069
AR6_REMIND-MAgPIE 2.1-4.3_DeepElec_SSP2_Base,baseline,R10MIDDLE_EAST,GasCap,1.845368049769223,1.856084676680049,1.6307591085895985,1.9921445831252191,1.6537308096627665,1.6767744902402564,1.9664432614392438,1.9793052209176374
AR6_REMIND-MAgPIE 2.1-4.3_DeepElec_SSP2_ HighRE_Budg900,target,R10MIDDLE_EAST,GasCap,2.2121397828027294,2.5074964736020084,0.9967580876857393,3.441683095877799,1.0046433078462678,1.0121096114654455,3.3632068720161605,3.4020615336795164
AR6_REMIND-MAgPIE 2.1-4.3_DeepElec_SSP2_Base,baseline,R10LATIN_AM,GasCap,1.2876764208295062,1.2840818305297401,1.2088343224924176,1.363359276825788,1.2181716083670968,1.2273800049678483,1.3484229221917179,1.3558936088109683
AR6_REMIND-MAgPIE 2.1-4.3_DeepElec_SSP2_ HighRE_Budg900,target,R10LATIN_AM,GasCap,1.5011054417034975,1.4438179150799921,1.2496872592393728,1.7716345186214941,1.2519639149236617,1.2552121376074201,1.7706016673439686,1.7710992849445062
AR6_REMIND-MAgPIE 2.1-4.3_DeepElec_SSP2_Base,baseline,R10INDIA+,GasCap,1.5360951100262505,1.5358372786643886,1.4871204268138738,1.5846570849474837,1.489137337575612,1.491063208742765,1.5803876675702906,1.5823527937838555
AR6_REMIND-MAgPIE 2.1-4.3_DeepElec_SSP2_ HighRE_Budg900,target,R10INDIA+,GasCap,2.097602699816611,2.1863586290823114,1.2560280062781084,2.8929966539768213,1.281051892571689,1.2968121444916652,2.84700470034979,2.865389791372503
AR6_REMIND-MAgPIE 2.1-4.3_DeepElec_SSP2_Base,baseline,R10EUROPE,GasCap,1.0821724698426438,1.046185198395638,1.0293549721115685,1.2395073323322516,1.0305786849961494,1.0313403348002042,1.2163185952997315,1.2278967182268055
AR6_REMIND-MAgPIE 2.1-4.3_DeepElec_SSP2_ HighRE_Budg900,target,R10EUROPE,GasCap,2.0834961160388157,2.353678506302611,0.9438732016320348,2.882055385818835,0.9505427049753876,0.9590788794642777,2.8761737991763505,2.8790866375008006
AR6_REMIND-MAgPIE 2.1-4.3_DeepElec_SSP2_Base,baseline,R10CHINA+,GasCap,1.991759753067106,1.9630300559559584,1.7543943199793475,2.166736944909365,1.7719911433828168,1.7901440113823055,2.163599423163079,2.165198501924241
AR6_REMIND-MAgPIE 2.1-4.3_DeepElec_SSP2_ HighRE_Budg900,target,R10CHINA+,GasCap,1.0672751482183567,1.0930338720431034,0.9743782209600657,1.172477709822597,0.9747438842450271,0.9752305833905339,1.158311890665588,1.1672780236677198
AR6_REMIND-MAgPIE 2.1-4.3_DeepElec_SSP2_Base,baseline,R10AFRICA,GasCap,1.2903070620870307,1.2885989322602867,1.2006970515077753,1.413956481964005,1.206335444839658,1.210552335883933,1.388997288835732,1.4014671135068881
AR6_REMIND-MAgPIE 2.1-4.3_DeepElec_SSP2_ HighRE_Budg900,target,R10AFRICA,GasCap,2.155544430371851,2.206747354669736,1.394157149873371,2.8546612916778957,1.3975687948229174,1.40217189442722,2.845443853894242,2.84911171994604
AR6_REMIND-MAgPIE 2.1-4.3_DeepElec_SSP2_Base,baseline,JPN,GasCap,1.0111850423878734,1.0109253443572377,0.928346346543014,1.082614284406534,0.9433624987593658,0.9540203126401365,1.0669874747593435,1.0747693600408632
AR6_REMIND-MAgPIE 2.1-4.3_DeepElec_SSP2_ HighRE_Budg900,target,JPN,GasCap,0.8479630321195877,0.8448334159938532,0.7903610025315897,0.9308760145430303,0.7905763129453593,0.7907090127580827,0.9215945004570957,0.9261604454434194
AR6_REMIND-MAgPIE 2.1-4.3_DeepElec_SSP2_Base,baseline,IND,GasCap,1.5360951100262505,1.5358372786643886,1.4871204268138738,1.5846570849474837,1.489137337575612,1.491063208742765,1.5803876675702906,1.5823527937838555
AR6_REMIND-MAgPIE 2.1-4.3_DeepElec_SSP2_ HighRE_Budg900,target,IND,GasCap,2.097602699816611,2.1863586290823114,1.2560280062781084,2.8929966539768213,1.281051892571689,1.2968121444916652,2.84700470034979,2.865389791372503
AR6_REMIND-MAgPIE 2.1-4.3_DeepElec_SSP2_Base,baseline,Global,GasCap,1.248038943463237,1.2488662188058726,1.193643399174637,1.3318506068752913,1.1958395201564005,1.1980261687566316,1.3048391551481757,1.3183214185172996
AR6_REMIND-MAgPIE 2.1-4.3_DeepElec_SSP2_ HighRE_Budg900,target,Global,GasCap,1.2442269591545025,1.2089694589129096,0.9514431213880067,1.530359763367196,0.9520700131552488,0.9525849746167807,1.524785267080829,1.527578229795764
AR6_REMIND-MAgPIE 2.1-4.3_DeepElec_SSP2_Base,baseline,EU,GasCap,1.0821724698426438,1.046185198395638,1.0293549721115685,1.2395073323322516,1.0305786849961494,1.0313403348002042,1.2163185952997315,1.2278967182268055
AR6_REMIND-MAgPIE 2.1-4.3_DeepElec_SSP2_ HighRE_Budg900,target,EU,GasCap,2.0834961160388157,2.353678506302611,0.9438732016320348,2.882055385818835,0.9505427049753876,0.9590788794642777,2.8761737991763505,2.8790866375008006
AR6_REMIND-MAgPIE 2.1-4.3_DeepElec_SSP2_Base,baseline,CHN,GasCap,1.991759753067106,1.9630300559559584,1.7543943199793475,2.166736944909365,1.7719911433828168,1.7901440113823055,2.163599423163079,2.165198501924241
AR6_REMIND-MAgPIE 2.1-4.3_DeepElec_SSP2_ HighRE_Budg900,target,CHN,GasCap,1.0672751482183567,1.0930338720431034,0.9743782209600657,1.172477709822597,0.9747438842450271,0.9752305833905339,1.158311890665588,1.1672780236677198
AR6_REMIND-MAgPIE 2.1-4.3_DeepElec_SSP2_Base,baseline,USA,CoalCap - w/o CCS,0.8006427780106514,0.8014518212814653,0.754026756436465,0.8514778161688974,0.7552684553740195,0.7564632338316951,0.8454422542676706,0.8481210279915795
AR6_REMIND-MAgPIE 2.1-4.3_DeepElec_SSP2_ HighRE_Budg900,target,USA,CoalCap - w/o CCS,0.7504561989160271,0.7311471213280013,0.40230087610650755,1.0957119300861122,0.40297454408164607,0.4037507582677124,1.0732272484272412,1.084335180661241
AR6_REMIND-MAgPIE 2.1-4.3_DeepElec_SSP2_Base,baseline,RUS,CoalCap - w/o CCS,0.9939959387439379,0.9692326658719177,0.8314457879160121,1.2617687834400495,0.8347033077610304,0.8379700051962669,1.2242203465318902,1.242884505825124
AR6_REMIND-MAgPIE 2.1-4.3_DeepElec_SSP2_ HighRE_Budg900,target,RUS,CoalCap - w/o CCS,0.6093130661822771,0.5967711387861414,0.427239959049608,0.8524757396031879,0.43203786119172516,0.435392597522761,0.8196247660465288,0.835840829616419
AR6_REMIND-MAgPIE 2.1-4.3_DeepElec_SSP2_Base,baseline,R10ROWO,CoalCap - w/o CCS,1.1333382874147977,1.141199424223188,1.1073338809475914,1.1450703971139224,1.107483825601328,1.1077796982191828,1.145015740308231,1.1450517355911618
AR6_REMIND-MAgPIE 2.1-4.3_DeepElec_SSP2_ HighRE_Budg900,target,R10ROWO,CoalCap - w/o CCS,0.8778327445442111,0.8541247363727078,0.7125993925466225,1.1113643623913434,0.718812997256672,0.7236381080091737,1.0579983187164008,1.0816586757618558
AR6_REMIND-MAgPIE 2.1-4.3_DeepElec_SSP2_Base,baseline,R10REST_ASIA,CoalCap - w/o CCS,0.7883238420181251,0.7902088313989083,0.7614390233725598,0.8108378761418636,0.7640596734940298,0.7667309773323605,0.8051026727517727,0.8079000113812977
AR6_REMIND-MAgPIE 2.1-4.3_DeepElec_SSP2_ HighRE_Budg900,target,R10REST_ASIA,CoalCap - w/o CCS,0.5983854283705538,0.6184404740064746,0.42647372981792214,0.7618952485169186,0.4295867607050853,0.4346518364718688,0.7452331220207942,0.7528917348509643
AR6_REMIND-MAgPIE 2.1-4.3_DeepElec_SSP2_Base,baseline,R10REF_ECON,CoalCap - w/o CCS,0.9939959387439379,0.9692326658719177,0.8314457879160121,1.2617687834400495,0.8347033077610304,0.8379700051962669,1.2242203465318902,1.242884505825124
AR6_REMIND-MAgPIE 2.1-4.3_DeepElec_SSP2_ HighRE_Budg900,target,R10REF_ECON,CoalCap - w/o CCS,0.595413437890868,0.5877699509400456,0.41897822066455437,0.8524757396031879,0.4215946231285691,0.42423500825537624,0.8196247660465288,0.835840829616419
AR6_REMIND-MAgPIE 2.1-4.3_DeepElec_SSP2_Base,baseline,R10PAC_OECD,CoalCap - w/o CCS,0.7646139982271669,0.7699369396653373,0.6995124238872467,0.8150665608232553,0.705224465748421,0.7109315874250961,0.8080468849866229,0.8115307144152748
AR6_REMIND-MAgPIE 2.1-4.3_DeepElec_SSP2_ HighRE_Budg900,target,R10PAC_OECD,CoalCap - w/o CCS,0.47201315186790543,0.4505166260807443,0.41119426087959093,0.6224527125659183,0.4118964470620039,0.41340743741296804,0.5759737560483544,0.5992008092285361
AR6_REMIND-MAgPIE 2.1-4.3_DeepElec_SSP2_Base,baseline,R10NORTH_AM,CoalCap - w/o CCS,0.8006427780106514,0.8014518212814653,0.754026756436465,0.8514778161688974,0.7552684553740195,0.7564632338316951,0.8454422542676706,0.8481210279915795
AR6_REMIND-MAgPIE 2.1-4.3_DeepElec_SSP2_ HighRE_Budg900,target,R10NORTH_AM,CoalCap - w/o CCS,0.7504561989160271,0.7311471213280013,0.40230087610650755,1.0957119300861122,0.40297454408164607,0.4037507582677124,1.0732272484272412,1.084335180661241
AR6_REMIND-MAgPIE 2.1-4.3_DeepElec_SSP2_Base,baseline,R10MIDDLE_EAST,CoalCap - w/o CCS,1.1068381484457177,1.137681842418869,0.9249974476814327,1.236300316717878,0.9357886046779048,0.9466972623639361,1.219611018642858,1.2279516302716293
AR6_REMIND-MAgPIE 2.1-4.3_DeepElec_SSP2_ HighRE_Budg900,target,R10MIDDLE_EAST,CoalCap - w/o CCS,0.6597746216058324,0.6313933058668519,0.42104235918780486,0.974624395038294,0.4225891509597243,0.4277481949442772,0.9194333469145162,0.9424526292439164
AR6_REMIND-MAgPIE 2.1-4.3_DeepElec_SSP2_Base,baseline,R10LATIN_AM,CoalCap - w/o CCS,0.8010415935544716,0.7967610180929365,0.7284505124413234,0.8593213483217444,0.7318604922825068,0.7355712923923312,0.8577264289776456,0.8585234905251756
AR6_REMIND-MAgPIE 2.1-4.3_DeepElec_SSP2_ HighRE_Budg900,target,R10LATIN_AM,CoalCap - w/o CCS,0.6856150813408887,0.6627823221585273,0.6113047309709079,0.8101505975297353,0.6143256703459956,0.6164336683786826,0.7790125607514582,0.7918434506756372
AR6_REMIND-MAgPIE 2.1-4.3_DeepElec_SSP2_Base,baseline,R10INDIA+,CoalCap - w/o CCS,0.8515895260189859,0.8360319134031835,0.7995098056180664,0.9258587612194047,0.8040650248448354,0.807117176888194,0.9154800580634312,0.9204984788672809
AR6_REMIND-MAgPIE 2.1-4.3_DeepElec_SSP2_ HighRE_Budg900,target,R10INDIA+,CoalCap - w/o CCS,0.6731102972128998,0.6979160959255757,0.4308767647321561,0.8731313233882126,0.43108917886663245,0.4340464480142855,0.8708110936035437,0.8719714677625914
AR6_REMIND-MAgPIE 2.1-4.3_DeepElec_SSP2_Base,baseline,R10EUROPE,CoalCap - w/o CCS,0.7688937352687562,0.7614153624194813,0.7513578306791854,0.8157203618840895,0.7518124965004572,0.7522594594254723,0.8032359984052471,0.808239895491011
AR6_REMIND-MAgPIE 2.1-4.3_DeepElec_SSP2_ HighRE_Budg900,target,R10EUROPE,CoalCap - w/o CCS,0.660358522955118,0.6612356601236451,0.38072442041572013,0.8603903968775547,0.39706413458607237,0.4124495938410239,0.8580320694619236,0.8591569390020702
AR6_REMIND-MAgPIE 2.1-4.3_DeepElec_SSP2_Base,baseline,R10CHINA+,CoalCap - w/o CCS,0.9437371256745501,0.9403172979162744,0.9112061270766423,0.9895377950669625,0.9120674710765693,0.9129102788950443,0.9832848206747078,0.9863281493210332
AR6_REMIND-MAgPIE 2.1-4.3_DeepElec_SSP2_ HighRE_Budg900,target,R10CHINA+,CoalCap - w/o CCS,0.49355834095516793,0.4556259406763772,0.4137711284872028,0.8526831520789194,0.4186099426445201,0.42261793020868055,0.7474060282103179,0.8006359255284597
AR6_REMIND-MAgPIE 2.1-4.3_DeepElec_SSP2_Base,baseline,R10AFRICA,CoalCap - w/o CCS,0.8953940358049362,0.8928122643845815,0.8324525177423683,0.9796705252904998,0.8327403980383271,0.8329277602671437,0.9709145223474936,0.9752910078628112
AR6_REMIND-MAgPIE 2.1-4.3_DeepElec_SSP2_ HighRE_Budg900,target,R10AFRICA,CoalCap - w/o CCS,0.7380509408787554,0.7398948467276646,0.5820510038991212,0.9685889625408534,0.5862943100903,0.5936195079863895,0.8997281984658787,0.9321554121754512
AR6_REMIND-MAgPIE 2.1-4.3_DeepElec_SSP2_Base,baseline,JPN,CoalCap - w/o CCS,0.7646139982271669,0.7699369396653373,0.6995124238872467,0.8150665608232553,0.705224465748421,0.7109315874250961,0.8080468849866229,0.8115307144152748
AR6_REMIND-MAgPIE 2.1-4.3_DeepElec_SSP2_ HighRE_Budg900,target,JPN,CoalCap - w/o CCS,0.47201315186790543,0.4505166260807443,0.41119426087959093,0.6224527125659183,0.4118964470620039,0.41340743741296804,0.5759737560483544,0.5992008092285361
AR6_REMIND-MAgPIE 2.1-4.3_DeepElec_SSP2_Base,baseline,IND,CoalCap - w/o CCS,0.8515895260189859,0.8360319134031835,0.7995098056180664,0.9258587612194047,0.8040650248448354,0.807117176888194,0.9154800580634312,0.9204984788672809
AR6_REMIND-MAgPIE 2.1-4.3_DeepElec_SSP2_ HighRE_Budg900,target,IND,CoalCap - w/o CCS,0.6731102972128998,0.6979160959255757,0.4308767647321561,0.8731313233882126,0.43108917886663245,0.4340464480142855,0.8708110936035437,0.8719714677625914
AR6_REMIND-MAgPIE 2.1-4.3_DeepElec_SSP2_Base,baseline,Global,CoalCap - w/o CCS,0.8036075535116571,0.8020391938304481,0.7785228204673632,0.8405070473703451,0.7809342449607121,0.7830806320747119,0.8292121158883801,0.8348479701924445
AR6_REMIND-MAgPIE 2.1-4.3_DeepElec_SSP2_ HighRE_Budg900,target,Global,CoalCap - w/o CCS,0.5485405797221844,0.5573130933306438,0.4092851191817206,0.7559832123322032,0.4138250466975532,0.4174208895409227,0.6808903018795942,0.7150661615637072
AR6_REMIND-MAgPIE 2.1-4.3_DeepElec_SSP2_Base,baseline,EU,CoalCap - w/o CCS,0.7688937352687562,0.7614153624194813,0.7513578306791854,0.8157203618840895,0.7518124965004572,0.7522594594254723,0.8032359984052471,0.808239895491011
AR6_REMIND-MAgPIE 2.1-4.3_DeepElec_SSP2_ HighRE_Budg900,target,EU,CoalCap - w/o CCS,0.660358522955118,0.6612356601236451,0.38072442041572013,0.8603903968775547,0.39706413458607237,0.4124495938410239,0.8580320694619236,0.8591569390020702
AR6_REMIND-MAgPIE 2.1-4.3_DeepElec_SSP2_Base,baseline,CHN,CoalCap - w/o CCS,0.9437371256745501,0.9403172979162744,0.9112061270766423,0.9895377950669625,0.9120674710765693,0.9129102788950443,0.9832848206747078,0.9863281493210332
AR6_REMIND-MAgPIE 2.1-4.3_DeepElec_SSP2_ HighRE_Budg900,target,CHN,CoalCap - w/o CCS,0.49355834095516793,0.4556259406763772,0.4137711284872028,0.8526831520789194,0.4186099426445201,0.42261793020868055,0.7474060282103179,0.8006359255284597
AR6_REMIND-MAgPIE 2.1-4.3_DeepElec_SSP2_Base,baseline,USA,CoalCap,0.7763277990621261,0.7761691767123375,0.7295746729399594,0.830183264171003,0.7307257049182302,0.7318309707306979,0.8231186248732135,0.8265432196532742
AR6_REMIND-MAgPIE 2.1-4.3_DeepElec_SSP2_ HighRE_Budg900,target,USA,CoalCap,0.7364948781942895,0.7137410885904107,0.39333528306126303,1.1169551472693082,0.393769081737901,0.39458126509902536,1.0801528064384145,1.0983891660626526
AR6_REMIND-MAgPIE 2.1-4.3_DeepElec_SSP2_Base,baseline,RUS,CoalCap,0.8634854222072348,0.8406655802739149,0.7119547446908907,1.1113722295463713,0.7151622259941497,0.7183784371832332,1.0765925708205097,1.0938804566792664
AR6_REMIND-MAgPIE 2.1-4.3_DeepElec_SSP2_ HighRE_Budg900,target,RUS,CoalCap,0.5205058795630684,0.5061271597694531,0.35331842299226146,0.747368935782345,0.3562747752016494,0.3592407561710893,0.7174687826961071,0.7322298927457923
AR6_REMIND-MAgPIE 2.1-4.3_DeepElec_SSP2_Base,baseline,R10ROWO,CoalCap,0.9922571377061342,0.9980442244500107,0.9658365237950695,1.0153307345049798,0.9658583645102996,0.965975275529301,1.0127637690663849,1.014035686265582
AR6_REMIND-MAgPIE 2.1-4.3_DeepElec_SSP2_ HighRE_Budg900,target,R10ROWO,CoalCap,0.7392621978263458,0.7228560155373637,0.5951050481993692,1.0005859912771973,0.5963358111841176,0.6011641469386781,0.9092659454084439,0.9546989638504801
AR6_REMIND-MAgPIE 2.1-4.3_DeepElec_SSP2_Base,baseline,R10REST_ASIA,CoalCap,0.7780114515684057,0.7794589475978906,0.7517255125557296,0.7998576557371936,0.754257555464471,0.756839093263484,0.7942244848923694,0.7969563808759976
AR6_REMIND-MAgPIE 2.1-4.3_DeepElec_SSP2_ HighRE_Budg900,target,R10REST_ASIA,CoalCap,0.5844494404119082,0.6071906146094814,0.42684747595384465,0.7518928842635448,0.42863762136938033,0.43235719760993696,0.691869708873668,0.7146914739964125
AR6_REMIND-MAgPIE 2.1-4.3_DeepElec_SSP2_Base,baseline,R10REF_ECON,CoalCap,0.8688760942343519,0.8459759798519153,0.716890262849104,1.1175842844639643,0.7200998109694633,0.7233181074678545,1.0826902627312536,1.1000349948802692
AR6_REMIND-MAgPIE 2.1-4.3_DeepElec_SSP2_ HighRE_Budg900,target,R10REF_ECON,CoalCap,0.5745977909008317,0.556555546333944,0.3944828448521913,0.841713312632083,0.39919727753062884,0.4034032392918226,0.8085340740707918,0.8249137925572942
AR6_REMIND-MAgPIE 2.1-4.3_DeepElec_SSP2_Base,baseline,R10PAC_OECD,CoalCap,0.7503155318507695,0.7551472927700914,0.6861387197224941,0.8012639350988902,0.6917080057337114,0.6972713733332896,0.7941653033336358,0.7976890886314393
AR6_REMIND-MAgPIE 2.1-4.3_DeepElec_SSP2_ HighRE_Budg900,target,R10PAC_OECD,CoalCap,0.4549025602717954,0.43737660022817043,0.3932678204032528,0.6117003525603949,0.39565391791354265,0.3989028020991354,0.56524243534236,0.5884557433728134
AR6_REMIND-MAgPIE 2.1-4.3_DeepElec_SSP2_Base,baseline,R10NORTH_AM,CoalCap,0.7763277990621261,0.7761691767123375,0.7295746729399594,0.830183264171003,0.7307257049182302,0.7318309707306979,0.8231186248732135,0.8265432196532742
AR6_REMIND-MAgPIE 2.1-4.3_DeepElec_SSP2_ HighRE_Budg900,target,R10NORTH_AM,CoalCap,0.7364948781942895,0.7137410885904107,0.39333528306126303,1.1169551472693082,0.393769081737901,0.39458126509902536,1.0801528064384145,1.0983891660626526
AR6_REMIND-MAgPIE 2.1-4.3_DeepElec_SSP2_Base,baseline,R10MIDDLE_EAST,CoalCap,1.029707393036421,1.0563298265685916,0.860420802056221,1.1549442312434068,0.8703253018420305,0.8803337904872827,1.1388958630824408,1.146917201679906
AR6_REMIND-MAgPIE 2.1-4.3_DeepElec_SSP2_ HighRE_Budg900,target,R10MIDDLE_EAST,CoalCap,0.6330143988483434,0.5836984884044275,0.4146995310282951,0.9038788798442481,0.420508465176343,0.4247164219198614,0.8859810562238507,0.8948939195721537
AR6_REMIND-MAgPIE 2.1-4.3_DeepElec_SSP2_Base,baseline,R10LATIN_AM,CoalCap,0.7901837920988003,0.7858226534228917,0.7216331069964473,0.8471152511335072,0.7248270106143996,0.7283130928543197,0.8453420342231646,0.8462284477764521
AR6_REMIND-MAgPIE 2.1-4.3_DeepElec_SSP2_ HighRE_Budg900,target,R10LATIN_AM,CoalCap,0.6977576814568388,0.6845937781273357,0.5800127308194006,0.8621933753345219,0.5814943905505939,0.5828128195228088,0.8455336685600465,0.8538298862409037
AR6_REMIND-MAgPIE 2.1-4.3_DeepElec_SSP2_Base,baseline,R10INDIA+,CoalCap,0.7953246438993795,0.7797469901742102,0.74759480955934,0.8626945755171462,0.752131058523766,0.7549280555505259,0.8529952773747627,0.8576865292673262
AR6_REMIND-MAgPIE 2.1-4.3_DeepElec_SSP2_ HighRE_Budg900,target,R10INDIA+,CoalCap,0.6586506423758508,0.6840211167230068,0.43257007523576435,0.8323088633511686,0.4333273561717472,0.4370756561409962,0.8317598162414572,0.8320346865622493
AR6_REMIND-MAgPIE 2.1-4.3_DeepElec_SSP2_Base,baseline,R10EUROPE,CoalCap,0.7301306239756898,0.7211373195322777,0.7105265723578769,0.7769826308455926,0.711054715255246,0.71157520142351,0.7650864339286066,0.769556794486354
AR6_REMIND-MAgPIE 2.1-4.3_DeepElec_SSP2_ HighRE_Budg900,target,R10EUROPE,CoalCap,0.6251615715988013,0.6456496201959792,0.3723405610034416,0.7903592099490279,0.389539377978044,0.4049922543946942,0.777928045897095,0.7839931873105277
AR6_REMIND-MAgPIE 2.1-4.3_DeepElec_SSP2_Base,baseline,R10CHINA+,CoalCap,0.8954322071900014,0.8914952411061008,0.8711550986484525,0.9344577226862923,0.87158859818389,0.8720007415939208,0.9288214205265761,0.9315617092244619
AR6_REMIND-MAgPIE 2.1-4.3_DeepElec_SSP2_ HighRE_Budg900,target,R10CHINA+,CoalCap,0.4939999456653413,0.454406043921753,0.41402483894607806,0.8529447346748095,0.41846868040275126,0.4212982585985562,0.7476810752483751,0.8009051666258393
AR6_REMIND-MAgPIE 2.1-4.3_DeepElec_SSP2_Base,baseline,R10AFRICA,CoalCap,0.8880634744337997,0.8853666746787929,0.8253930691760133,0.9723002622225261,0.8256711157361932,0.8258581365715126,0.9635089345210239,0.967903108887966
AR6_REMIND-MAgPIE 2.1-4.3_DeepElec_SSP2_ HighRE_Budg900,target,R10AFRICA,CoalCap,0.7346557288176421,0.7300552907308856,0.5964945991712448,0.9607170774462186,0.5974344498304972,0.6014664592991454,0.8891159036191105,0.9242856368919937
AR6_REMIND-MAgPIE 2.1-4.3_DeepElec_SSP2_Base,baseline,JPN,CoalCap,0.7503155318507695,0.7551472927700914,0.6861387197224941,0.8012639350988902,0.6917080057337114,0.6972713733332896,0.7941653033336358,0.7976890886314393
AR6_REMIND-MAgPIE 2.1-4.3_DeepElec_SSP2_ HighRE_Budg900,target,JPN,CoalCap,0.4549025602717954,0.43737660022817043,0.3932678204032528,0.6117003525603949,0.39565391791354265,0.3989028020991354,0.56524243534236,0.5884557433728134
AR6_REMIND-MAgPIE 2.1-4.3_DeepElec_SSP2_Base,baseline,IND,CoalCap,0.7953246438993795,0.7797469901742102,0.74759480955934,0.8626945755171462,0.752131058523766,0.7549280555505259,0.8529952773747627,0.8576865292673262
AR6_REMIND-MAgPIE 2.1-4.3_DeepElec_SSP2_ HighRE_Budg900,target,IND,CoalCap,0.6586506423758508,0.6840211167230068,0.43257007523576435,0.8323088633511686,0.4333273561717472,0.4370756561409962,0.8317598162414572,0.8320346865622493
AR6_REMIND-MAgPIE 2.1-4.3_DeepElec_SSP2_Base,baseline,Global,CoalCap,0.7946930541117918,0.791906819948279,0.7707886051219708,0.8343158255048709,0.7730195608380079,0.7751753357212554,0.8227155736176217,0.8285040444065972
AR6_REMIND-MAgPIE 2.1-4.3_DeepElec_SSP2_ HighRE_Budg900,target,Global,CoalCap,0.5576088838093296,0.5659869687610615,0.41992235686086427,0.768457018178703,0.4246751497384398,0.42834532640407547,0.6928714971569431,0.7275898816398239
AR6_REMIND-MAgPIE 2.1-4.3_DeepElec_SSP2_Base,baseline,EU,CoalCap,0.7301306239756898,0.7211373195322777,0.7105265723578769,0.7769826308455926,0.711054715255246,0.71157520142351,0.7650864339286066,0.769556794486354
AR6_REMIND-MAgPIE 2.1-4.3_DeepElec_SSP2_ HighRE_Budg900,target,EU,CoalCap,0.6251615715988013,0.6456496201959792,0.3723405610034416,0.7903592099490279,0.389539377978044,0.4049922543946942,0.777928045897095,0.7839931873105277
AR6_REMIND-MAgPIE 2.1-4.3_DeepElec_SSP2_Base,baseline,CHN,CoalCap,0.8954322071900014,0.8914952411061008,0.8711550986484525,0.9344577226862923,0.87158859818389,0.8720007415939208,0.9288214205265761,0.9315617092244619
AR6_REMIND-MAgPIE 2.1-4.3_DeepElec_SSP2_ HighRE_Budg900,target,CHN,CoalCap,0.4939999456653413,0.454406043921753,0.41402483894607806,0.8529447346748095,0.41846868040275126,0.4212982585985562,0.7476810752483751,0.8009051666258393
AR6_REMIND-MAgPIE 2.1-4.3_DeepElec_SSP2_Base,baseline,USA,BiomassCap - w/o CCS,1.2981621612399712,1.2494655304356554,1.0172995300084045,1.7126010203292437,1.0277575865175497,1.0381285055993024,1.661184130135409,1.6866315057298984
AR6_REMIND-MAgPIE 2.1-4.3_DeepElec_SSP2_ HighRE_Budg900,target,USA,BiomassCap - w/o CCS,3.639660426083755,3.0595218800300494,1.5729271879636457,7.284563308940457,1.587029718662665,1.6045034721471587,6.878973302351377,7.079955986360261
AR6_REMIND-MAgPIE 2.1-4.3_DeepElec_SSP2_Base,baseline,RUS,BiomassCap - w/o CCS,1.4450562593582872,1.4678031426847729,1.3312444041702975,1.5461841843083572,1.3336415677436246,1.336044540772194,1.532409170986601,1.5378058910042727
AR6_REMIND-MAgPIE 2.1-4.3_DeepElec_SSP2_ HighRE_Budg900,target,RUS,BiomassCap - w/o CCS,3.164231509894503,2.259813707626855,1.6994801939761872,6.459288023509306,1.716919151070639,1.7305052435574737,6.043228945193521,6.2486670635036665
AR6_REMIND-MAgPIE 2.1-4.3_DeepElec_SSP2_Base,baseline,R10ROWO,BiomassCap - w/o CCS,1.2517749460932306,1.2002348173151935,0.9735929953332053,1.7155525709295683,0.9919367561559199,1.0103725169402438,1.6178633791720713,1.6656702554650409
AR6_REMIND-MAgPIE 2.1-4.3_DeepElec_SSP2_ HighRE_Budg900,target,R10ROWO,BiomassCap - w/o CCS,3.865525922713087,2.991176172820004,2.364193221357994,6.884391574201409,2.3691712539364693,2.3954155712506306,6.575737570972169,6.7292255051304295
AR6_REMIND-MAgPIE 2.1-4.3_DeepElec_SSP2_Base,baseline,R10REST_ASIA,BiomassCap - w/o CCS,1.0204312923232008,0.9486788623884226,0.6768943904984286,1.4072416058395965,0.6930562907812652,0.7093437482736882,1.3917212745215148,1.3993673227333834
AR6_REMIND-MAgPIE 2.1-4.3_DeepElec_SSP2_ HighRE_Budg900,target,R10REST_ASIA,BiomassCap - w/o CCS,2.9730143927796795,2.391045433019584,1.630243286672982,5.074449664915176,1.650822737429067,1.676578098884004,4.92208054260466,4.998247169192508
AR6_REMIND-MAgPIE 2.1-4.3_DeepElec_SSP2_Base,baseline,R10REF_ECON,BiomassCap - w/o CCS,1.4052707150611174,1.4610638746043585,1.1696189381190045,1.5317845152618312,1.1831753692331033,1.1967645756771856,1.514776583334529,1.521932099569005
AR6_REMIND-MAgPIE 2.1-4.3_DeepElec_SSP2_ HighRE_Budg900,target,R10REF_ECON,BiomassCap - w/o CCS,3.1367220041548767,2.3013067780901326,1.683730795701301,6.444160161788997,1.6995071663584198,1.7153381943235606,6.024710684049976,6.23182288499658
AR6_REMIND-MAgPIE 2.1-4.3_DeepElec_SSP2_Base,baseline,R10PAC_OECD,BiomassCap - w/o CCS,1.1894780201638433,1.195367579110908,1.0148580234365467,1.3045310774380483,1.0312487907378483,1.0477100198758562,1.2858846458493107,1.292892924025598
AR6_REMIND-MAgPIE 2.1-4.3_DeepElec_SSP2_ HighRE_Budg900,target,R10PAC_OECD,BiomassCap - w/o CCS,1.9265188036076626,1.6428784057133663,1.432320016203146,3.09709576855828,1.4323409238097182,1.432428240811389,2.9701489860529344,3.0333170742425524
AR6_REMIND-MAgPIE 2.1-4.3_DeepElec_SSP2_Base,baseline,R10NORTH_AM,BiomassCap - w/o CCS,1.2981621612399712,1.2494655304356554,1.0172995300084045,1.7126010203292437,1.0277575865175497,1.0381285055993024,1.661184130135409,1.6866315057298984
AR6_REMIND-MAgPIE 2.1-4.3_DeepElec_SSP2_ HighRE_Budg900,target,R10NORTH_AM,BiomassCap - w/o CCS,3.639660426083755,3.0595218800300494,1.5729271879636457,7.284563308940457,1.587029718662665,1.6045034721471587,6.878973302351377,7.079955986360261
AR6_REMIND-MAgPIE 2.1-4.3_DeepElec_SSP2_Base,baseline,R10MIDDLE_EAST,BiomassCap - w/o CCS,1.4536516189908897,1.319297352889678,1.0,3.7097262228143424,1.0965322559244757,1.1610188800782764,2.1162191278305897,2.7901053560279996
AR6_REMIND-MAgPIE 2.1-4.3_DeepElec_SSP2_ HighRE_Budg900,target,R10MIDDLE_EAST,BiomassCap - w/o CCS,3.0946859939970173,2.546421371840842,1.4350173629471499,6.002403098006986,1.447134924621001,1.4584532585163337,5.750898989362124,5.876317670003987
AR6_REMIND-MAgPIE 2.1-4.3_DeepElec_SSP2_Base,baseline,R10LATIN_AM,BiomassCap - w/o CCS,1.1042292290437057,1.1497664865124078,0.7713358431169921,1.2863226918016164,0.7953368694395057,0.8194202148756025,1.2784633728728871,1.2817202197645947
AR6_REMIND-MAgPIE 2.1-4.3_DeepElec_SSP2_ HighRE_Budg900,target,R10LATIN_AM,BiomassCap - w/o CCS,2.662449142344055,2.152026606587283,1.8173453347971464,4.419290711524758,1.8176528923547435,1.8257612210271956,4.250321212831051,4.334457176228629
AR6_REMIND-MAgPIE 2.1-4.3_DeepElec_SSP2_Base,baseline,R10INDIA+,BiomassCap - w/o CCS,1.539422539832206,1.4896075102705228,1.1015170816693411,1.9897692182576763,1.1210192881155483,1.1407612344994071,1.9669540686840399,1.9780259755800156
AR6_REMIND-MAgPIE 2.1-4.3_DeepElec_SSP2_ HighRE_Budg900,target,R10INDIA+,BiomassCap - w/o CCS,3.7317055390033405,3.070893865564219,1.8279403857742782,6.34472439865208,1.8643026716515303,1.9008545137938064,6.289260431293808,6.317004194442857
AR6_REMIND-MAgPIE 2.1-4.3_DeepElec_SSP2_Base,baseline,R10EUROPE,BiomassCap - w/o CCS,1.2926259332012533,1.1926239334522712,0.9176140235692427,1.697406288291407,0.9477045377870378,0.9777573232793257,1.6725812718173612,1.6848991566847196
AR6_REMIND-MAgPIE 2.1-4.3_DeepElec_SSP2_ HighRE_Budg900,target,R10EUROPE,BiomassCap - w/o CCS,3.4293329141717823,2.9852099220810207,1.6220236339291785,6.2137400267424665,1.6505191504668784,1.6782453230493433,6.011333873094216,6.11217586805145
AR6_REMIND-MAgPIE 2.1-4.3_DeepElec_SSP2_Base,baseline,R10CHINA+,BiomassCap - w/o CCS,1.64521319073603,1.7846379499851217,1.1216405031259817,1.9434821131247337,1.1481206012605019,1.1747900882548514,1.9125378141897231,1.9250757891001848
AR6_REMIND-MAgPIE 2.1-4.3_DeepElec_SSP2_ HighRE_Budg900,target,R10CHINA+,BiomassCap - w/o CCS,2.5944184587377133,2.3763316772241314,1.8411399841796734,3.7930534308094073,1.8529659611243692,1.8654038705548968,3.688336809125794,3.7406428778384324
AR6_REMIND-MAgPIE 2.1-4.3_DeepElec_SSP2_Base,baseline,R10AFRICA,BiomassCap - w/o CCS,1.1529678230110156,1.1002574951354254,0.9152733586314868,1.5914053254460687,0.9364540437471525,0.9576362848199138,1.485941122443146,1.5377015539971577
AR6_REMIND-MAgPIE 2.1-4.3_DeepElec_SSP2_ HighRE_Budg900,target,R10AFRICA,BiomassCap - w/o CCS,3.329075121647986,2.802983725821468,2.14083893351355,5.495799679592137,2.1440403066724976,2.158227021744584,5.291404121152559,5.393268181468623
AR6_REMIND-MAgPIE 2.1-4.3_DeepElec_SSP2_Base,baseline,JPN,BiomassCap - w/o CCS,1.1894780201638433,1.195367579110908,1.0148580234365467,1.3045310774380483,1.0312487907378483,1.0477100198758562,1.2858846458493107,1.292892924025598
AR6_REMIND-MAgPIE 2.1-4.3_DeepElec_SSP2_ HighRE_Budg900,target,JPN,BiomassCap - w/o CCS,1.9265188036076626,1.6428784057133663,1.432320016203146,3.09709576855828,1.4323409238097182,1.432428240811389,2.9701489860529344,3.0333170742425524
AR6_REMIND-MAgPIE 2.1-4.3_DeepElec_SSP2_Base,baseline,IND,BiomassCap - w/o CCS,1.539422539832206,1.4896075102705228,1.1015170816693411,1.9897692182576763,1.1210192881155483,1.1407612344994071,1.9669540686840399,1.9780259755800156
AR6_REMIND-MAgPIE 2.1-4.3_DeepElec_SSP2_ HighRE_Budg900,target,IND,BiomassCap - w/o CCS,3.7317055390033405,3.070893865564219,1.8279403857742782,6.34472439865208,1.8643026716515303,1.9008545137938064,6.289260431293808,6.317004194442857
AR6_REMIND-MAgPIE 2.1-4.3_DeepElec_SSP2_Base,baseline,Global,BiomassCap - w/o CCS,1.4475252147346067,1.4402802348166877,1.1402483831759278,1.762499286288151,1.159484231181719,1.1786674088026767,1.7255786238992208,1.7438722111843274
AR6_REMIND-MAgPIE 2.1-4.3_DeepElec_SSP2_ HighRE_Budg900,target,Global,BiomassCap - w/o CCS,2.981285049727256,2.321282071317937,1.7782181477078518,5.209315309256949,1.7998634905330178,1.8152027140340827,5.017988500672391,5.113368813248388
AR6_REMIND-MAgPIE 2.1-4.3_DeepElec_SSP2_Base,baseline,EU,BiomassCap - w/o CCS,1.2926259332012533,1.1926239334522712,0.9176140235692427,1.697406288291407,0.9477045377870378,0.9777573232793257,1.6725812718173612,1.6848991566847196
AR6_REMIND-MAgPIE 2.1-4.3_DeepElec_SSP2_ HighRE_Budg900,target,EU,BiomassCap - w/o CCS,3.4293329141717823,2.9852099220810207,1.6220236339291785,6.2137400267424665,1.6505191504668784,1.6782453230493433,6.011333873094216,6.11217586805145
AR6_REMIND-MAgPIE 2.1-4.3_DeepElec_SSP2_Base,baseline,CHN,BiomassCap - w/o CCS,1.64521319073603,1.7846379499851217,1.1216405031259817,1.9434821131247337,1.1481206012605019,1.1747900882548514,1.9125378141897231,1.9250757891001848
AR6_REMIND-MAgPIE 2.1-4.3_DeepElec_SSP2_ HighRE_Budg900,target,CHN,BiomassCap - w/o CCS,2.5944184587377133,2.3763316772241314,1.8411399841796734,3.7930534308094073,1.8529659611243692,1.8654038705548968,3.688336809125794,3.7406428778384324
AR6_REMIND-MAgPIE 2.1-4.3_DeepElec_SSP2_Base,baseline,USA,BiomassCap,1.2856097756199425,1.2381420602936875,1.0062385633649558,1.6947145660987155,1.016769378385697,1.0272124497488622,1.644148551430198,1.6691751531059174
AR6_REMIND-MAgPIE 2.1-4.3_DeepElec_SSP2_ HighRE_Budg900,target,USA,BiomassCap,3.3194692432250226,2.702457826591724,1.4311604089266106,6.724188494369121,1.4576371089702835,1.4881236245229785,6.334987313259653,6.527848865155805
AR6_REMIND-MAgPIE 2.1-4.3_DeepElec_SSP2_Base,baseline,RUS,BiomassCap,1.2735473552803536,1.2923076492534575,1.174888594754159,1.3633608009723577,1.1770104151931413,1.1791373767951576,1.3506269010967948,1.3560108598566818
AR6_REMIND-MAgPIE 2.1-4.3_DeepElec_SSP2_ HighRE_Budg900,target,RUS,BiomassCap,2.9112725399717383,2.070750334387717,1.585811160805945,5.9260587747490785,1.598000206465294,1.6115972578222009,5.5308494211956765,5.725992539736726
AR6_REMIND-MAgPIE 2.1-4.3_DeepElec_SSP2_Base,baseline,R10ROWO,BiomassCap,1.1177569754469177,1.0787134117131607,0.8594000177233763,1.5127208895904498,0.8773852561669743,0.8954590459089737,1.4311460741187112,1.4710763765118642
AR6_REMIND-MAgPIE 2.1-4.3_DeepElec_SSP2_ HighRE_Budg900,target,R10ROWO,BiomassCap,3.7429043396376867,2.9058545455920894,2.2575322334978445,6.781817488404895,2.2635309736362115,2.2817705402611783,6.474911093764209,6.627529974454288
AR6_REMIND-MAgPIE 2.1-4.3_DeepElec_SSP2_Base,baseline,R10REST_ASIA,BiomassCap,1.0123567618403713,0.9414584841415059,0.6708966276180168,1.3956685704301097,0.6870224757223657,0.7032736009571734,1.3803857239285273,1.3879143289902787
AR6_REMIND-MAgPIE 2.1-4.3_DeepElec_SSP2_ HighRE_Budg900,target,R10REST_ASIA,BiomassCap,2.965706776484728,2.384869931639485,1.624613285728163,5.067030836024377,1.644953092457477,1.6706505780427956,4.914667172052416,4.990831070113458
AR6_REMIND-MAgPIE 2.1-4.3_DeepElec_SSP2_Base,baseline,R10REF_ECON,BiomassCap,1.364555709138347,1.419610971301867,1.1325011701485148,1.48838353164897,1.1459922367417106,1.1595159200170266,1.471622752721426,1.478775239523179
AR6_REMIND-MAgPIE 2.1-4.3_DeepElec_SSP2_ HighRE_Budg900,target,R10REF_ECON,BiomassCap,2.9512315422623105,2.172207981417036,1.6292149313982218,5.982959363391273,1.6495841399228333,1.6668376369391589,5.5815374468438534,5.779748151983966
AR6_REMIND-MAgPIE 2.1-4.3_DeepElec_SSP2_Base,baseline,R10PAC_OECD,BiomassCap,1.176873257169919,1.1825306734467964,1.0031809279436452,1.2919925500827083,1.019528191048494,1.0359450136967308,1.2733097693936164,1.280352095379998
AR6_REMIND-MAgPIE 2.1-4.3_DeepElec_SSP2_ HighRE_Budg900,target,R10PAC_OECD,BiomassCap,1.894544478321866,1.6148883097217919,1.4148206794254743,3.0285060386161935,1.414872221458434,1.4151082194521027,2.9059791662710124,2.9669347469715435
AR6_REMIND-MAgPIE 2.1-4.3_DeepElec_SSP2_Base,baseline,R10NORTH_AM,BiomassCap,1.2856097756199425,1.2381420602936875,1.0062385633649558,1.6947145660987155,1.016769378385697,1.0272124497488622,1.644148551430198,1.6691751531059174
AR6_REMIND-MAgPIE 2.1-4.3_DeepElec_SSP2_ HighRE_Budg900,target,R10NORTH_AM,BiomassCap,3.3194692432250226,2.702457826591724,1.4311604089266106,6.724188494369121,1.4576371089702835,1.4881236245229785,6.334987313259653,6.527848865155805
AR6_REMIND-MAgPIE 2.1-4.3_DeepElec_SSP2_Base,baseline,R10MIDDLE_EAST,BiomassCap,1.451197437232402,1.3172427854594007,1.0,3.699762549137043,1.0952688913776163,1.1589963623691122,2.1116312887654587,2.7832431401388127
AR6_REMIND-MAgPIE 2.1-4.3_DeepElec_SSP2_ HighRE_Budg900,target,R10MIDDLE_EAST,BiomassCap,2.835983347269339,2.246957913343727,1.3535565193521617,5.602288120750466,1.3741746193843423,1.388360854609124,5.354917776505143,5.4782751584557525
AR6_REMIND-MAgPIE 2.1-4.3_DeepElec_SSP2_Base,baseline,R10LATIN_AM,BiomassCap,1.1000877313204631,1.145693593553741,0.7682155170730032,1.281753599255139,0.7922093157539457,0.8162853716745807,1.2736198169897663,1.2770855419815905
AR6_REMIND-MAgPIE 2.1-4.3_DeepElec_SSP2_ HighRE_Budg900,target,R10LATIN_AM,BiomassCap,2.581069631806597,2.0355067964716618,1.705170673115033,4.374380609891991,1.7298878560803568,1.7552493095226112,4.19376894851559,4.283742695658071
AR6_REMIND-MAgPIE 2.1-4.3_DeepElec_SSP2_Base,baseline,R10INDIA+,BiomassCap,1.536476991717669,1.4867093263508582,1.0991974852987718,1.9861312429906435,1.1186597476503348,1.13836104895033,1.963406271319775,1.97443388678679
AR6_REMIND-MAgPIE 2.1-4.3_DeepElec_SSP2_ HighRE_Budg900,target,R10INDIA+,BiomassCap,3.729281351689897,3.069161030013543,1.826650196000898,6.338249032396188,1.8629679857503072,1.899498149157865,6.283598428830894,6.310931090503267
AR6_REMIND-MAgPIE 2.1-4.3_DeepElec_SSP2_Base,baseline,R10EUROPE,BiomassCap,1.283183885577621,1.184038858732401,0.9095880312909809,1.684594699771551,0.939686419818581,0.9697470697475403,1.6601542036554315,1.6722812630977297
AR6_REMIND-MAgPIE 2.1-4.3_DeepElec_SSP2_ HighRE_Budg900,target,R10EUROPE,BiomassCap,3.4073790206024914,2.946723864643601,1.6070773322631808,6.203418076752257,1.6356724535987865,1.6628214273155768,6.001127217312736,6.101911770844372
AR6_REMIND-MAgPIE 2.1-4.3_DeepElec_SSP2_Base,baseline,R10CHINA+,BiomassCap,1.6474858869023157,1.7870243979616411,1.1230827601416709,1.9464452924472933,1.1495828370376764,1.1762725145429291,1.9153813852943924,1.928017046404214
AR6_REMIND-MAgPIE 2.1-4.3_DeepElec_SSP2_ HighRE_Budg900,target,R10CHINA+,BiomassCap,2.5944322209908486,2.3763862962782127,1.8411399841796734,3.7930534308094073,1.852969156308027,1.8654105483858632,3.688336809125794,3.7406428778384324
AR6_REMIND-MAgPIE 2.1-4.3_DeepElec_SSP2_Base,baseline,R10AFRICA,BiomassCap,1.1510053195891232,1.0985847789900625,0.9135441408553634,1.588352751733382,0.9347247267377237,0.9559068685698898,1.4831052379637453,1.534759542084568
AR6_REMIND-MAgPIE 2.1-4.3_DeepElec_SSP2_ HighRE_Budg900,target,R10AFRICA,BiomassCap,3.2114705989120678,2.735946163803988,2.1227042835695484,5.132926708061998,2.1285603470071637,2.145399739274924,4.954070072376626,5.043087862093951
AR6_REMIND-MAgPIE 2.1-4.3_DeepElec_SSP2_Base,baseline,JPN,BiomassCap,1.176873257169919,1.1825306734467964,1.0031809279436452,1.2919925500827083,1.019528191048494,1.0359450136967308,1.2733097693936164,1.280352095379998
AR6_REMIND-MAgPIE 2.1-4.3_DeepElec_SSP2_ HighRE_Budg900,target,JPN,BiomassCap,1.894544478321866,1.6148883097217919,1.4148206794254743,3.0285060386161935,1.414872221458434,1.4151082194521027,2.9059791662710124,2.9669347469715435
AR6_REMIND-MAgPIE 2.1-4.3_DeepElec_SSP2_Base,baseline,IND,BiomassCap,1.536476991717669,1.4867093263508582,1.0991974852987718,1.9861312429906435,1.1186597476503348,1.13836104895033,1.963406271319775,1.97443388678679
AR6_REMIND-MAgPIE 2.1-4.3_DeepElec_SSP2_ HighRE_Budg900,target,IND,BiomassCap,3.729281351689897,3.069161030013543,1.826650196000898,6.338249032396188,1.8629679857503072,1.899498149157865,6.283598428830894,6.310931090503267
AR6_REMIND-MAgPIE 2.1-4.3_DeepElec_SSP2_Base,baseline,Global,BiomassCap,1.0606102404842785,1.0487925851189321,0.8535066382749755,1.2998055526617391,0.8643712458354245,0.8752061464752933,1.2716874957946183,1.285620116810069
AR6_REMIND-MAgPIE 2.1-4.3_DeepElec_SSP2_ HighRE_Budg900,target,Global,BiomassCap,2.831659567843904,2.189079149250126,1.677328592805504,4.971013044535215,1.6995719336329569,1.7137705955628457,4.785427995630265,4.877945722226279
AR6_REMIND-MAgPIE 2.1-4.3_DeepElec_SSP2_Base,baseline,EU,BiomassCap,1.283183885577621,1.184038858732401,0.9095880312909809,1.684594699771551,0.939686419818581,0.9697470697475403,1.6601542036554315,1.6722812630977297
AR6_REMIND-MAgPIE 2.1-4.3_DeepElec_SSP2_ HighRE_Budg900,target,EU,BiomassCap,3.4073790206024914,2.946723864643601,1.6070773322631808,6.203418076752257,1.6356724535987865,1.6628214273155768,6.001127217312736,6.101911770844372
AR6_REMIND-MAgPIE 2.1-4.3_DeepElec_SSP2_Base,baseline,CHN,BiomassCap,1.6474858869023157,1.7870243979616411,1.1230827601416709,1.9464452924472933,1.1495828370376764,1.1762725145429291,1.9153813852943924,1.928017046404214
AR6_REMIND-MAgPIE 2.1-4.3_DeepElec_SSP2_ HighRE_Budg900,target,CHN,BiomassCap,2.5944322209908486,2.3763862962782127,1.8411399841796734,3.7930534308094073,1.852969156308027,1.8654105483858632,3.688336809125794,3.7406428778384324
